src,dst,weight,edge_type
0,450,360.0734245048412,road-road
0,449,358.1980739765707,road-road
0,87,246.6517947332901,road-road
0,53,93.96171041022393,road-road
0,88,181.32418027129214,road-road
0,52,465.1960024310438,road-road
0,555,566.9746988363889,power-road
0,316,482.9216367949924,road-road
0,1,464.87299786298206,road-road
0,86,455.28845915046776,road-road
1,327,369.10929601453654,road-road
1,326,380.02867227625717,road-road
1,631,248.8522962758935,hospital-road
1,184,258.32149235165986,road-road
1,418,231.19888945912453,road-road
1,555,996.0171327484752,power-road
1,85,65.50132732403118,road-road
1,315,45.3715982960839,road-road
1,316,19.130117043541475,road-road
1,368,292.18526911573707,road-road
1,86,23.80304674840717,road-road
1,683,263.46482715631186,hospital-road
1,317,401.70784680885646,road-road
2,368,288.0355055658002,road-road
2,683,415.83503971007553,hospital-road
2,317,178.47134028393899,road-road
2,84,86.73148526195747,road-road
2,299,46.770014496814404,road-road
3,206,41.16088326019679,road-road
3,59,155.08052846195628,road-road
3,261,151.49038470416633,road-road
3,704,357.86228625231126,hospital-road
3,40,431.81367233031887,road-road
3,58,421.0702211134731,road-road
3,262,421.67363003245566,road-road
3,422,426.9701434856646,road-road
3,423,427.4512290319086,road-road
3,414,466.06747230919876,road-road
3,245,475.90311987892045,road-road
3,205,56.87469193077973,road-road
3,208,72.72932307473701,road-road
3,311,10.795461153547286,road-road
3,142,33.25718973432677,road-road
3,207,63.116677690816154,road-road
3,339,25.92060301156492,road-road
3,553,478.2038746303679,power-road
3,461,296.75208362339424,road-road
3,460,295.0187165623695,road-road
3,625,306.55951019578725,hospital-road
3,736,404.6243962136048,hospital-road
3,247,459.3142342646659,road-road
3,746,338.7698745336163,hospital-road
3,557,904.0121255695442,power-road
4,512,237.46235033406256,road-road
4,513,242.68440817598648,road-road
4,877,116.61332155773677,hospital-road
4,627,94.5213279686526,hospital-road
4,301,88.5037932554792,road-road
4,5,121.90179947392161,road-road
4,344,117.37977854018831,road-road
4,133,121.41744392614014,road-road
4,132,484.694804533697,road-road
4,759,424.41778699746243,hospital-road
4,749,479.20525708065514,hospital-road
4,144,416.35664467177287,road-road
4,406,431.25937870109976,road-road
4,758,449.5049692492602,hospital-road
5,512,350.5826943590382,road-road
5,513,352.9406865457631,road-road
5,877,167.58266271647,hospital-road
5,627,104.68369786812956,hospital-road
5,301,60.35788651676386,road-road
5,344,38.31532209304176,road-road
5,133,70.98069871766165,road-road
5,759,313.58927726671493,hospital-road
5,749,370.78436434566987,hospital-road
5,144,327.7600920060804,road-road
5,406,345.8440578149039,road-road
5,404,486.64736554405783,road-road
5,403,467.4720568332379,road-road
5,758,328.64919412831904,hospital-road
6,720,325.99517380497736,hospital-road
6,681,474.3458855701798,hospital-road
6,846,304.83932673020377,hospital-road
6,329,129.4785048692391,road-road
6,878,168.0812173994179,hospital-road
6,669,425.9157723106542,hospital-road
6,831,356.20676912783404,hospital-road
6,737,355.21940153405416,hospital-road
6,371,372.777431578141,road-road
6,293,377.5407101569637,road-road
6,14,386.0957138506786,road-road
6,386,366.0398313838604,road-road
6,153,364.79083484271854,road-road
6,152,326.44946845517467,road-road
6,369,327.46805090907736,road-road
6,372,313.78474123198134,road-road
6,370,314.7369357847834,road-road
6,136,150.60105971420222,road-road
6,296,217.16560132298238,road-road
6,387,274.7090849072259,road-road
6,154,58.82288363492054,road-road
6,155,166.6220996122226,road-road
6,330,128.71463170433717,road-road
6,102,317.59848235400136,road-road
6,170,332.7669227011901,road-road
6,350,344.11280239948275,road-road
6,349,330.45695494626,road-road
7,78,465.1118727999911,road-road
7,259,355.15772000546286,road-road
7,12,411.3210628306051,road-road
7,13,190.0016469382924,road-road
7,655,123.91638696111002,hospital-road
7,661,110.35903807312245,hospital-road
7,43,16.686141251739283,road-road
7,42,298.0840536132786,road-road
7,796,389.0005474934106,hospital-road
7,709,393.01376561888617,hospital-road
7,514,437.6691679717934,road-road
7,559,492.26516989970816,hospital-road
7,49,267.27144068742706,road-road
7,788,175.70546521784635,hospital-road
7,45,137.45479037405192,road-road
7,652,178.55297511909936,hospital-road
7,853,228.77203062798165,hospital-road
7,747,72.14158917722325,hospital-road
7,578,72.13393400164128,hospital-road
7,854,142.18682875465578,hospital-road
7,44,85.98684770206063,road-road
7,48,277.82365900853085,road-road
7,187,107.60130591163252,road-road
7,46,131.73741850113527,road-road
7,188,118.08209220189583,road-road
7,10,101.91755999640051,road-road
7,848,131.6888377309933,hospital-road
7,365,111.86655076579991,road-road
7,47,130.3464128412268,road-road
7,222,345.5413184535248,road-road
8,553,936.3626422349242,power-road
8,141,442.45449633369606,road-road
8,456,238.80736733724876,road-road
8,557,806.2179533364928,power-road
8,383,347.0905086805277,road-road
8,244,329.6118947292133,road-road
8,385,347.6733789096424,road-road
8,384,329.5301927582441,road-road
8,729,445.13713211028806,hospital-road
8,730,444.51802676024346,hospital-road
8,455,238.5866378927642,road-road
8,453,227.79658171107232,road-road
8,454,224.70818017993662,road-road
8,343,45.95254880320717,road-road
8,225,37.28708376542447,road-road
8,305,282.38935941615745,road-road
8,11,474.9724621835636,road-road
8,714,403.23446542471265,hospital-road
8,474,281.3921445502928,road-road
9,197,463.970347828857,road-road
9,209,456.2387332158217,road-road
9,33,443.0972625977955,road-road
9,553,690.628552333739,power-road
9,466,9.923924774733235,road-road
9,502,468.5886539874484,road-road
9,314,25.440641374922578,road-road
9,56,457.4955223639076,road-road
9,595,257.82965756506115,hospital-road
9,480,214.00119191437653,road-road
9,279,222.69031272906773,road-road
9,57,73.7934674635813,road-road
9,740,308.89428398980783,hospital-road
9,629,447.80712401547106,hospital-road
10,259,438.6933998764498,road-road
10,13,291.8894008495774,road-road
10,655,224.46761103342368,hospital-road
10,661,44.52162044234024,hospital-road
10,43,95.81454002795999,road-road
10,42,380.3985389773774,road-road
10,796,453.7649789381087,hospital-road
10,709,464.5991297876283,hospital-road
10,49,209.8796439159442,road-road
10,788,116.20265689328997,hospital-road
10,45,63.00858204745362,road-road
10,652,136.5004810615777,hospital-road
10,853,303.4391771070284,hospital-road
10,747,53.37128998130378,hospital-road
10,578,75.37530278476487,hospital-road
10,854,80.89432042084047,hospital-road
10,44,24.18315911376427,road-road
10,48,211.85050330236297,road-road
10,802,478.10078333041815,hospital-road
10,187,17.305057308275877,road-road
10,46,45.68551258305318,road-road
10,188,23.038281670906233,road-road
10,848,35.506871310797635,hospital-road
10,365,9.954224324690964,road-road
10,47,32.3465290725619,road-road
10,222,243.65627048020747,road-road
11,78,466.33625972320596,road-road
11,640,425.0316727240484,hospital-road
11,343,495.5428625854915,road-road
11,225,495.0817218088282,road-road
11,714,95.03806002412807,hospital-road
12,629,418.58836580954596,hospital-road
12,78,93.62571542953783,road-road
12,640,271.4972458455906,hospital-road
12,259,276.66262601137817,road-road
12,72,329.59687159414585,road-road
12,586,314.98801105113273,hospital-road
12,13,221.32709785679018,road-road
12,655,290.4020415728716,hospital-road
12,43,419.4102375990631,road-road
12,42,283.9633602859034,road-road
12,796,389.8484567052401,hospital-road
12,709,356.44118086675786,hospital-road
12,514,295.4059559027211,road-road
12,559,343.8228272547078,hospital-road
12,662,445.8356236787814,hospital-road
12,853,329.37950946414446,hospital-road
12,747,476.3054209581502,hospital-road
12,578,464.710480907997,hospital-road
12,44,496.4202539094406,road-road
13,78,280.3667180426586,road-road
13,640,443.94543071669244,hospital-road
13,259,246.14790063441814,road-road
13,72,395.21048618172995,road-road
13,655,72.28621096589823,hospital-road
13,661,293.47887572830274,hospital-road
13,43,198.28661049090337,road-road
13,42,206.1369582755996,road-road
13,796,329.7699608239668,hospital-road
13,709,314.5908336741637,hospital-road
13,514,317.2032412527954,road-road
13,559,376.9556009312916,hospital-road
13,662,467.2981428818367,hospital-road
13,49,424.3977095742782,road-road
13,788,346.35264688760236,hospital-road
13,45,320.67273293111094,road-road
13,652,337.00485769264026,hospital-road
13,853,189.12315372148228,hospital-road
13,747,255.85341700304224,hospital-road
13,578,245.71480867888522,hospital-road
13,854,319.4612493759363,hospital-road
13,44,275.1863946728132,road-road
13,48,441.4977120669154,road-road
13,187,297.0555821710936,road-road
13,46,318.9113112110883,road-road
13,188,307.56134485770394,road-road
13,848,320.1795617906267,hospital-road
13,365,301.8426184032483,road-road
13,47,319.9300828570064,road-road
14,830,468.8073772771057,hospital-road
14,597,471.217263762065,hospital-road
14,329,460.1234768046297,road-road
14,669,231.52122614802374,hospital-road
14,123,452.8973909335994,road-road
14,292,452.568836277664,road-road
14,831,156.7040412105562,hospital-road
14,737,191.76869888969983,hospital-road
14,371,16.426951544441533,road-road
14,293,19.400952610543307,road-road
14,386,20.175620048759153,road-road
14,153,27.62906033542216,road-road
14,152,222.49066738325797,road-road
14,369,242.00898248390646,road-road
14,372,222.01363847704968,road-road
14,370,242.23262802298424,road-road
14,136,298.8886588419556,road-road
14,296,240.02033262644238,road-road
14,623,472.2817671607038,hospital-road
14,387,137.34583430833337,road-road
14,154,367.0188657311189,road-road
14,155,325.74676225713597,road-road
14,330,468.14288636805054,road-road
15,274,29.689146659971044,road-road
15,243,150.32638006719367,road-road
15,290,327.9402133087913,road-road
16,545,354.7064879193261,road-road
16,543,331.8659748971978,road-road
16,544,354.9096266917558,road-road
16,542,332.36905275131386,road-road
16,393,319.4968368006589,road-road
16,550,321.2588802178002,power-road
16,392,313.47801989989796,road-road
16,494,31.777807350058218,road-road
16,493,164.9115365866327,road-road
16,328,236.7255225137121,road-road
16,495,16.684391472529786,road-road
16,160,11.834536871560335,road-road
16,441,12.022127959145426,road-road
16,508,31.794858352899084,road-road
16,507,32.96458732607057,road-road
16,165,16.429425363408143,road-road
16,221,36.99026960307355,road-road
16,352,58.70614832836007,road-road
16,496,32.13761168746086,road-road
16,556,681.8668920915145,power-road
16,399,481.94967098766347,road-road
16,716,481.6384504484621,hospital-road
16,359,480.1365637311835,road-road
16,360,491.3849576926244,road-road
16,367,493.39466344521276,road-road
16,426,488.0028996907372,road-road
16,688,475.53592322993455,hospital-road
16,304,468.06701108736803,road-road
16,462,476.5394668432627,road-road
17,108,492.12751002789645,road-road
17,340,490.89095767138696,road-road
17,647,450.63777366274894,hospital-road
17,448,306.9978114516338,road-road
17,879,356.93344006011193,hospital-road
17,687,441.73252645244173,hospital-road
17,318,181.22517435091294,road-road
17,546,289.16251626209703,road-road
17,111,136.1743111159466,road-road
17,158,14.544006447077185,road-road
17,438,148.55283089619732,road-road
17,168,20.166627360808825,road-road
17,429,50.802808420327196,road-road
17,430,165.91843073695424,road-road
17,341,13.581466619161928,road-road
17,159,158.9152387001927,road-road
17,342,31.10407652625705,road-road
17,855,307.95285891352705,hospital-road
17,548,133.8915548068338,power-road
17,518,175.09145220065503,road-road
17,517,175.2560311998981,road-road
17,838,335.90787245514406,hospital-road
17,601,361.82473172021514,hospital-road
18,547,953.5172987942142,power-road
18,105,468.47338623684465,road-road
18,469,458.45252532815596,road-road
18,505,261.5330034275632,road-road
18,416,236.4718911479964,road-road
18,68,254.3102001430112,road-road
18,71,247.18183010932097,road-road
18,62,230.85192194088654,road-road
18,506,247.82084105557394,road-road
18,417,220.56357432052783,road-road
18,836,271.6800744956098,hospital-road
18,541,203.5341251161876,road-road
18,366,208.0526032046306,road-road
18,63,208.02163351461397,road-road
18,67,218.00530948370957,road-road
18,66,104.52360574529418,road-road
18,70,131.30746767786258,road-road
18,64,42.312172647778205,road-road
18,859,214.98153231516292,hospital-road
18,65,83.03149405216841,road-road
18,69,88.90717188026855,road-road
18,470,277.89710739272965,road-road
19,658,374.09871831669284,hospital-road
19,845,300.2358360882518,hospital-road
19,802,451.0810598006205,hospital-road
19,77,251.5381053997765,road-road
19,191,243.15988744074846,road-road
19,482,296.823165932919,road-road
19,192,237.09580586798427,road-road
19,483,307.3561948246138,road-road
19,780,285.20306766879355,hospital-road
19,540,437.05579671774746,road-road
19,193,349.06341951457387,road-road
19,490,400.708571262336,road-road
19,489,436.2004440877039,road-road
19,20,246.906008052215,road-road
19,811,435.42023213176157,hospital-road
19,641,319.43502115005174,hospital-road
19,810,433.06326065983814,hospital-road
19,663,427.4202067864703,hospital-road
19,781,432.5536532668386,hospital-road
19,338,411.8307112700143,road-road
19,258,201.17032012053826,road-road
19,257,191.38296883164926,road-road
19,260,404.74786298882714,road-road
19,777,338.9760851990762,hospital-road
19,814,319.30402224019474,hospital-road
19,612,344.5413506428003,hospital-road
19,786,348.9119774016196,hospital-road
19,691,490.5001080201761,hospital-road
19,809,432.7640018471382,hospital-road
19,280,493.3666543936373,road-road
20,73,496.1377651590225,road-road
20,75,458.3823432837822,road-road
20,658,261.2451944094583,hospital-road
20,845,271.43048160408347,hospital-road
20,802,334.72964989656543,hospital-road
20,77,42.83242199622844,road-road
20,191,8.541235496603775,road-road
20,482,153.20682384748335,road-road
20,192,9.838464091773428,road-road
20,483,152.98175018033496,road-road
20,780,160.15160710392126,hospital-road
20,540,355.68892235987335,road-road
20,193,215.67083036541158,road-road
20,490,360.75954850445896,road-road
20,489,337.15351048586825,road-road
20,76,403.81197141811566,road-road
20,215,415.9949463702028,road-road
20,21,416.32588636018187,road-road
20,811,377.4166871910407,hospital-road
20,641,443.7447650869069,hospital-road
20,258,448.03518413134594,road-road
20,257,438.1794621408476,road-road
21,77,458.61496867670786,road-road
21,191,424.42972372071813,road-road
21,482,264.24405508986905,road-road
21,192,417.13641263041035,road-road
21,483,263.3584367715594,road-road
21,780,261.9197775942404,hospital-road
21,540,77.34115695036094,road-road
21,193,200.6759664963196,road-road
21,490,134.46956852236835,road-road
21,489,81.44010806860703,road-road
21,76,77.7721922021552,road-road
21,215,80.40659325440467,road-road
21,811,95.0420876879066,hospital-road
21,781,342.75349895021515,hospital-road
21,338,469.55971919051115,road-road
21,260,470.31798454012664,road-road
22,857,244.72830213934887,hospital-road
22,161,33.54122321453852,road-road
22,163,147.88168979089477,road-road
22,35,131.1190210998726,road-road
22,162,147.75063027641568,road-road
22,34,204.49818050741223,road-road
22,766,401.8490258395451,hospital-road
22,575,283.71820170363577,hospital-road
22,615,329.10116745914644,hospital-road
22,23,179.76051018840627,road-road
22,665,356.4611740092347,hospital-road
22,613,455.62549707336643,hospital-road
22,659,331.5441663879185,hospital-road
23,857,420.931472886159,hospital-road
23,161,195.8565398043181,road-road
23,163,153.58173930756897,road-road
23,35,149.42570061723015,road-road
23,162,144.33226079509828,road-road
23,34,37.81486306706466,road-road
23,766,384.1076598576045,hospital-road
23,575,348.0631409074424,hospital-road
23,615,349.75512150700416,hospital-road
23,665,218.5237824431039,hospital-road
23,613,277.8933163387451,hospital-road
23,659,375.47922894775996,hospital-road
24,613,476.2139392991922,hospital-road
24,664,401.6717850347589,hospital-road
24,700,313.80331284789816,hospital-road
24,29,284.0875860983278,road-road
24,722,397.80891781789535,hospital-road
24,618,318.7458262194647,hospital-road
24,277,315.505601246834,road-road
24,194,41.15270438624236,road-road
24,30,400.60644930318205,road-road
24,668,436.6136397576514,hospital-road
24,278,328.9318663813733,road-road
24,654,55.71111311215112,hospital-road
24,195,79.43768080316927,road-road
25,849,456.39632793661224,hospital-road
25,850,406.77043441207513,hospital-road
25,718,245.40791926190218,hospital-road
25,810,365.1860609859671,hospital-road
25,663,453.85767444270425,hospital-road
25,139,279.3923159968739,road-road
25,224,271.21792621999464,road-road
25,447,78.12888915873181,road-road
25,223,5.950171679001906,road-road
25,499,83.35082541718147,road-road
25,434,101.43538279144026,road-road
25,445,23.37675810492388,road-road
25,138,22.986447852755518,road-road
25,446,30.86633095551867,road-road
25,425,252.27010541589107,road-road
25,433,99.7712904706674,road-road
25,26,372.8308514620659,road-road
25,424,247.98814373374512,road-road
25,622,483.0171070016943,hospital-road
25,691,437.2159659609667,hospital-road
25,809,479.06102992211964,hospital-road
26,139,380.976351202105,road-road
26,224,367.2807997195897,road-road
26,447,351.7385141886908,road-road
26,223,375.4904012124765,road-road
26,499,330.317495444673,road-road
26,434,424.9015889106999,road-road
26,445,355.245134171258,road-road
26,138,351.87320622471367,road-road
26,446,345.69832108394655,road-road
26,433,406.4359254397036,road-road
26,622,444.03013254032714,hospital-road
26,715,331.18150803278667,hospital-road
26,285,496.4120492255369,road-road
26,287,368.70274745697463,road-road
26,286,476.1637299046579,road-road
26,637,334.76149102890446,hospital-road
26,733,321.8783653239064,hospital-road
26,717,383.05163211287794,hospital-road
27,634,275.52290077046086,hospital-road
27,28,265.623151402505,road-road
27,858,285.6400816848272,hospital-road
27,642,32.49761833308877,hospital-road
27,502,36.970030985791844,road-road
27,604,185.70041860159358,hospital-road
27,55,321.4371195903243,road-road
27,56,216.81989381981427,road-road
27,57,491.94570638781715,road-road
28,634,40.836245229309455,hospital-road
28,858,33.86948284187065,hospital-road
28,642,264.79159012500605,hospital-road
28,502,302.1662975140972,road-road
28,604,87.5756284255659,hospital-road
28,55,201.2679857261179,road-road
28,56,359.2810306161971,road-road
28,774,466.62624951774785,hospital-road
28,679,461.50987438691465,hospital-road
29,613,463.74564649330046,hospital-road
29,774,443.8433885743727,hospital-road
29,773,455.47620804047693,hospital-road
29,679,279.3477484110032,hospital-road
29,664,119.15762860900286,hospital-road
29,700,47.71221254763977,hospital-road
29,722,272.1849486789984,hospital-road
29,277,435.1278690300077,road-road
29,194,291.2684916833063,road-road
29,30,318.2052845276985,road-road
29,278,437.2670943595591,road-road
29,654,243.323434450708,hospital-road
29,195,204.6711453363045,road-road
30,774,412.393851165166,hospital-road
30,773,377.3427093085666,hospital-road
30,679,478.70340936695914,hospital-road
30,676,472.58163149317556,hospital-road
30,74,462.78724723102374,road-road
30,664,331.3550036946447,hospital-road
30,700,284.34002655696264,hospital-road
30,722,62.03050984111576,hospital-road
30,618,465.66936609450227,hospital-road
30,277,262.2856414176228,road-road
30,73,416.25917525405634,road-road
30,194,372.0616620129833,road-road
30,75,447.7344279009154,road-road
30,278,250.6754601900771,road-road
30,654,405.47381892128794,hospital-road
30,195,355.93336499962794,road-road
31,373,314.0609160987504,road-road
31,649,233.36117179277315,hospital-road
31,472,499.2813555963806,road-road
31,397,190.6478513185777,road-road
31,374,144.1272067659342,road-road
31,585,211.98403632786926,hospital-road
31,712,93.42264157912234,hospital-road
31,552,425.3488033743051,power-road
31,398,184.53973009470658,road-road
31,375,94.13756038330217,road-road
31,639,96.28210835679589,hospital-road
31,220,495.5922543234493,road-road
31,303,494.7840793887678,road-road
31,874,100.59790215403379,hospital-road
31,178,12.855287086637997,road-road
31,584,134.23072521268114,hospital-road
31,376,466.66668584416976,road-road
31,833,262.2145213300531,hospital-road
31,471,496.36734594186237,road-road
31,678,458.65415515045424,hospital-road
31,603,477.2930057194563,hospital-road
32,609,242.46550855238598,hospital-road
32,451,325.4943169611282,road-road
32,695,378.5531149341297,hospital-road
32,607,466.3206557953529,hospital-road
32,734,74.05710519229056,hospital-road
32,702,50.63020397512578,hospital-road
33,197,176.13499391347668,road-road
33,209,14.776814244867243,road-road
33,723,124.9039935134761,hospital-road
33,566,182.37755012004516,hospital-road
33,468,202.99642554020465,road-road
33,553,286.7744295026476,power-road
33,461,486.3424213375322,road-road
33,862,449.1669324257155,hospital-road
33,861,455.6405376476461,hospital-road
33,863,484.5285338414208,hospital-road
33,599,469.7678907631667,hospital-road
33,466,446.1357485592322,road-road
33,314,451.2879208901879,road-road
33,595,185.46475630927964,hospital-road
33,480,229.43115109722805,road-road
33,279,221.34851663818253,road-road
33,57,477.9016276926686,road-road
34,857,448.51663260992956,hospital-road
34,161,215.91045220925616,road-road
34,163,148.02596525613146,road-road
34,35,148.05239461128224,road-road
34,162,138.4662238299796,road-road
34,766,417.64326080200607,hospital-road
34,575,385.8748936422008,hospital-road
34,615,386.4331355683186,hospital-road
34,665,232.30102604311188,hospital-road
34,613,263.8986933071686,hospital-road
34,659,412.9217564453547,hospital-road
35,857,355.5455010178223,hospital-road
35,161,117.58177138361773,road-road
35,163,16.76366473915425,road-road
35,162,18.824764719382696,road-road
35,766,490.7057641099359,hospital-road
35,575,402.2221526930125,hospital-road
35,615,432.98354603124966,hospital-road
35,665,367.19895929908444,hospital-road
35,613,409.61688557226654,hospital-road
35,659,444.54790250651246,hospital-road
36,525,302.54168409801235,road-road
36,524,294.114901499744,road-road
36,511,230.45097923783928,road-road
36,214,41.73133727063774,road-road
36,183,9.810075177889706,road-road
36,213,63.46684170483699,road-road
36,481,16.572355402367403,road-road
36,532,105.34111314181527,road-road
36,307,48.601310010900704,road-road
36,351,240.2313040101902,road-road
36,308,48.89497762930831,road-road
36,196,219.7008401434999,road-road
36,173,314.3698551816629,road-road
36,298,304.4511226526272,road-road
36,550,592.0106598564532,power-road
36,212,162.02585431258274,road-road
36,556,400.57563974592057,power-road
36,764,368.35596178468467,hospital-road
36,106,385.3182243482805,road-road
36,804,362.33211437062704,hospital-road
36,107,474.5688177769967,road-road
37,551,519.120123290934,power-road
37,644,289.08826641137296,hospital-road
37,288,472.34480211660843,road-road
37,38,471.59020852439045,road-road
37,711,463.3661597802547,hospital-road
37,680,381.53230393174846,hospital-road
37,689,250.8901678663312,hospital-road
37,636,392.81006977605716,hospital-road
37,407,27.857429253905163,road-road
37,600,225.4382709180876,hospital-road
37,537,254.69373720440726,road-road
37,538,297.3924512031297,road-road
37,270,36.292394729447636,road-road
37,698,457.2033587509037,hospital-road
37,408,18.927288196031895,road-road
37,539,427.8760901421021,road-road
37,686,369.94427634882584,hospital-road
38,60,360.41454531364286,road-road
38,551,667.090720979601,power-road
38,644,474.3108786010014,hospital-road
38,452,315.17671446944945,road-road
38,535,316.0546135746164,road-road
38,536,308.526204835909,road-road
38,288,11.868342162719621,road-road
38,711,161.76827742451042,hospital-road
38,680,103.80652103391033,hospital-road
38,689,424.9922955406146,hospital-road
38,407,454.7447741584981,road-road
38,600,248.8398149914307,hospital-road
38,408,453.8673205946964,road-road
39,608,443.6563098732429,hospital-road
39,320,361.23200309388557,road-road
39,321,361.7883855309276,road-road
39,699,332.0623158479332,hospital-road
39,653,498.0716778103582,hospital-road
39,510,183.57059711345457,road-road
39,509,181.23301813903313,road-road
39,452,207.38156307303,road-road
39,114,190.64564764488094,road-road
39,143,190.24520688995497,road-road
39,535,207.96823853576225,road-road
39,536,214.59620718809043,road-road
39,616,494.5077189794305,hospital-road
40,206,451.60105421095676,road-road
40,59,278.26864251267597,road-road
40,261,284.50311437082695,road-road
40,704,101.34694999780999,hospital-road
40,689,497.86120975413036,hospital-road
40,58,52.18367627018077,road-road
40,262,64.98752682471037,road-road
40,422,51.22356569948183,road-road
40,636,345.17826914122577,hospital-road
40,423,64.54685486606745,road-road
40,630,379.39970167240716,hospital-road
40,414,268.46102113833666,road-road
40,245,274.7906394736773,road-road
40,686,403.79868729030875,hospital-road
40,742,410.10724109985836,hospital-road
40,156,427.32748969091557,road-road
40,205,485.0225349029555,road-road
40,208,496.2790278216867,road-road
40,311,435.01579597205495,road-road
40,142,458.71638921148235,road-road
40,207,469.57198416979406,road-road
40,339,456.6187237749262,road-road
40,553,804.1543496021259,power-road
40,625,255.83144130776677,hospital-road
40,247,284.9503328447445,road-road
40,746,289.1476420546392,hospital-road
40,557,628.2277334588592,power-road
41,332,414.93925815670565,road-road
41,331,409.9705373603366,road-road
41,241,13.159078954217039,road-road
42,78,375.58938781192353,road-road
42,259,58.361480347103154,road-road
42,72,230.39964320788008,road-road
42,655,247.0488084821721,hospital-road
42,661,404.5792605404087,hospital-road
42,43,294.0157540695086,road-road
42,796,125.36607900619067,hospital-road
42,709,108.75126692151518,hospital-road
42,514,140.93255081350318,road-road
42,559,194.18162932462226,hospital-road
42,662,269.8151931924077,hospital-road
42,794,479.2336751273053,hospital-road
42,49,408.37002328624135,road-road
42,788,369.5246475934054,hospital-road
42,45,373.92779639107073,road-road
42,652,344.609343098765,hospital-road
42,853,81.52593787302807,hospital-road
42,747,328.18523180230426,hospital-road
42,578,307.67401357954583,hospital-road
42,854,361.0673740764395,hospital-road
42,44,356.7915743518829,road-road
42,48,432.74659305407107,road-road
42,187,375.7952550960855,road-road
42,46,383.35495886376646,road-road
42,188,384.59168687763474,road-road
42,848,415.6773042008846,hospital-road
42,365,388.75944071423635,road-road
42,47,395.7012325137444,road-road
43,78,475.5752001487248,road-road
43,259,351.6296964916399,road-road
43,655,134.95037867750645,hospital-road
43,661,111.00591591589058,hospital-road
43,796,380.87108446117975,hospital-road
43,709,386.3755359955574,hospital-road
43,514,434.3379776839907,road-road
43,559,488.0410067577377,hospital-road
43,49,251.45509015954846,road-road
43,788,160.72586010557532,hospital-road
43,45,124.87190520977819,road-road
43,652,162.46065390704044,hospital-road
43,853,222.20797543361599,hospital-road
43,747,59.08446186509501,hospital-road
43,578,56.33248337307073,hospital-road
43,854,128.04480274076656,hospital-road
43,44,77.09362692287667,road-road
43,48,262.5493639082779,road-road
43,802,494.61030108941287,hospital-road
43,187,99.01955611738627,road-road
43,46,120.9583937012178,road-road
43,188,109.50493383435588,road-road
43,848,128.00840075998343,hospital-road
43,365,105.60415134600788,road-road
43,47,121.91571024398634,road-road
43,222,338.9144316877628,road-road
44,259,415.11858537179637,road-road
44,655,209.88540137806217,hospital-road
44,661,63.36370332245986,hospital-road
44,796,429.59621422892445,hospital-road
44,709,440.44513365698407,hospital-road
44,514,497.69239541639394,road-road
44,49,202.86664500894273,road-road
44,788,107.68796337997486,hospital-road
44,45,58.09797438619211,road-road
44,652,123.26136444096828,hospital-road
44,853,279.48631543418236,hospital-road
44,747,29.195376123091854,hospital-road
44,578,51.204968813870536,hospital-road
44,854,71.11727292094986,hospital-road
44,48,207.77061178308654,road-road
44,802,466.42861498260373,hospital-road
44,187,21.928114769872707,road-road
44,46,47.09851618874013,road-road
44,188,32.41231882794807,road-road
44,848,59.6276380763709,hospital-road
44,365,31.967950051473697,road-road
44,47,44.822274636790034,road-road
44,222,262.1979686820201,road-road
45,259,431.9553826886468,road-road
45,655,259.76632768797543,hospital-road
45,661,106.02585676867255,hospital-road
45,796,431.2575234530823,hospital-road
45,709,446.95427289706356,hospital-road
45,49,146.97290190003233,road-road
45,788,53.45609724816087,hospital-road
45,652,77.26777762287142,hospital-road
45,853,293.3149250200318,hospital-road
45,747,65.78818507444528,hospital-road
45,578,75.77172838734691,hospital-road
45,854,21.23043950263313,hospital-road
45,48,150.14951691734615,road-road
45,658,474.25994916426407,hospital-road
45,845,474.3190176708008,hospital-road
45,802,415.69053143368535,hospital-road
45,187,45.83607156372174,road-road
45,46,20.108964843975667,road-road
45,188,41.9867761561822,road-road
45,848,81.06429018224226,hospital-road
45,365,59.887211850026716,road-road
45,47,41.8362995921316,road-road
45,641,493.1808251077417,hospital-road
45,222,231.0015860539856,road-road
46,259,441.5988948282604,road-road
46,655,255.4563183552899,hospital-road
46,661,87.05085681424103,hospital-road
46,796,445.1057214880612,hospital-road
46,709,459.58541501105503,hospital-road
46,49,164.78951108256146,road-road
46,788,72.86360273206377,hospital-road
46,652,97.37268081977336,hospital-road
46,853,303.4875095406428,hospital-road
46,747,63.41039770228257,hospital-road
46,578,78.57497692076292,hospital-road
46,854,41.113693362358795,hospital-road
46,48,166.17580704738694,road-road
46,658,492.7056073719131,hospital-road
46,845,490.4252612359251,hospital-road
46,802,434.95879615245025,hospital-road
46,187,29.568354517173024,road-road
46,188,23.152500900685435,road-road
46,848,60.95790080111326,hospital-road
46,365,41.03108827932267,road-road
46,47,21.752310680058752,road-road
46,222,224.4180472012958,road-road
47,259,454.05023617091933,road-road
47,655,254.02135494245817,hospital-road
47,661,68.0394436047494,hospital-road
47,796,461.6056987844375,hospital-road
47,709,474.91569183447325,hospital-road
47,49,183.96315403542457,road-road
47,788,93.88891523466322,hospital-road
47,652,119.1016526848273,hospital-road
47,853,316.7631726084301,hospital-road
47,747,69.20512077361346,hospital-road
47,578,88.19416722503355,hospital-road
47,854,62.855577237751646,hospital-road
47,48,183.59760532715683,road-road
47,802,455.43457244591883,hospital-road
47,187,22.897421428764073,road-road
47,188,12.419984054386063,road-road
47,848,39.33506406446941,hospital-road
47,365,24.314682031547292,road-road
47,222,217.69558961893634,road-road
48,259,485.72854588786544,road-road
48,655,391.29067376543185,hospital-road
48,661,251.62126380262302,hospital-road
48,796,448.7997886303913,hospital-road
48,709,475.21352283441837,hospital-road
48,49,26.157259301657092,road-road
48,788,102.37438665947512,hospital-road
48,652,104.53002690372156,hospital-road
48,853,353.4748382706997,hospital-road
48,747,207.50876169049042,hospital-road
48,578,206.32603127346272,hospital-road
48,854,137.9066119166724,hospital-road
48,658,331.9755732604793,hospital-road
48,845,324.29242462669407,hospital-road
48,802,282.71971798408595,hospital-road
48,187,195.26188547380738,road-road
48,188,189.17445244296377,road-road
48,848,219.39781206429322,hospital-road
48,365,206.68039274736194,road-road
48,641,363.8832534515509,hospital-road
48,718,495.64342217048323,hospital-road
48,222,233.55495470298564,road-road
49,259,460.8588110454736,road-road
49,655,376.91739879727606,hospital-road
49,661,251.6615343714662,hospital-road
49,796,422.7246579100515,hospital-road
49,709,449.3222893490223,hospital-road
49,788,95.21965871385056,hospital-road
49,652,89.65787116626504,hospital-road
49,853,329.6356530117443,hospital-road
49,747,199.00069064073747,hospital-road
49,578,195.1723934873011,hospital-road
49,854,131.7908327779546,hospital-road
49,658,328.24619702719446,hospital-road
49,845,329.4689772500441,hospital-road
49,802,273.9470578064117,hospital-road
49,187,192.79509844137272,road-road
49,188,187.92964761248953,road-road
49,848,221.57258421462657,hospital-road
49,365,205.81335476115737,road-road
49,641,383.7445302365382,hospital-road
49,222,256.17036431353716,road-road
50,473,463.07649767613486,road-road
50,871,477.1077868463231,hospital-road
50,606,393.9278467466436,hospital-road
50,210,489.47686434915107,road-road
50,51,126.02455744620775,road-road
50,289,151.92472812012227,road-road
50,450,429.51803605806265,road-road
50,449,435.39898848786845,road-road
50,52,455.2505739467578,road-road
50,555,401.16772004949826,power-road
51,516,450.52734664557954,road-road
51,515,444.6664780678991,road-road
51,390,430.23869749714214,road-road
51,389,427.0244350493549,road-road
51,391,425.4239268212196,road-road
51,289,87.57033363278168,road-road
51,450,350.81866293492084,road-road
51,449,358.7218206605281,road-road
51,87,429.9640341071882,road-road
51,88,495.6575973989307,road-road
51,52,329.2716121737914,road-road
51,555,278.2531041688336,power-road
52,516,459.3994687270697,road-road
52,515,456.7058228703198,road-road
52,390,375.3534385205704,road-road
52,389,361.31936275290786,road-road
52,391,370.73541909390195,road-road
52,289,339.84012316071306,road-road
52,450,326.08437567067995,road-road
52,449,336.27849897848915,road-road
52,87,286.876955723658,road-road
52,53,404.65974753371364,road-road
52,88,298.8025998551268,road-road
52,555,103.78322742314107,power-road
53,450,266.1309280126918,road-road
53,449,264.24495602845144,road-road
53,87,156.80502938709438,road-road
53,88,106.2958130627643,road-road
53,555,502.4096901921063,power-road
55,634,161.93454530049092,hospital-road
55,858,175.6065059267381,hospital-road
55,642,340.53026652722264,hospital-road
55,502,347.2873383878938,road-road
55,604,240.32855110283467,hospital-road
55,56,273.1384804924591,road-road
55,72,489.17982610440515,road-road
55,774,412.70421654454003,hospital-road
55,794,467.40440655921805,hospital-road
55,773,456.2943366502824,hospital-road
56,634,342.6052959143775,hospital-road
56,858,358.7687270976219,hospital-road
56,642,249.31500545563068,hospital-road
56,466,452.1758868894231,road-road
56,502,210.28080948213767,road-road
56,604,319.8693722396535,hospital-road
56,314,444.1706975484397,road-road
56,57,414.23317781375863,road-road
56,740,379.2907409005547,hospital-road
56,629,433.52879323029913,hospital-road
56,586,428.6417306186191,hospital-road
57,209,489.96971755942013,road-road
57,553,705.9066595998565,power-road
57,466,63.94993357251787,road-road
57,502,457.00635714738416,road-road
57,314,48.62354747276642,road-road
57,595,297.11820395881796,hospital-road
57,480,250.84233373885894,road-road
57,279,257.7465503272579,road-road
57,740,235.47568999482817,hospital-road
57,629,374.6611441149487,hospital-road
57,586,469.11072700484215,hospital-road
58,206,444.96088012364464,road-road
58,59,265.9956394519187,road-road
58,261,270.1658530242966,road-road
58,704,130.88950881656885,hospital-road
58,262,12.968611998613532,road-road
58,422,5.915112063986626,road-road
58,636,392.2041784014196,hospital-road
58,423,14.315515827214622,road-road
58,630,348.3986372156496,hospital-road
58,414,216.5263804003151,road-road
58,245,223.04536017361798,road-road
58,686,440.4857609188653,hospital-road
58,742,370.42768875083044,hospital-road
58,156,430.55341686724387,road-road
58,205,471.68778813549204,road-road
58,208,481.4145984215963,road-road
58,311,423.024128820123,road-road
58,142,445.53475971861616,road-road
58,207,452.85304415578287,road-road
58,339,444.83485241057406,road-road
58,553,768.2815647418065,power-road
58,625,212.4342710210096,hospital-road
58,736,468.79481943868694,hospital-road
58,247,232.80455202776264,road-road
58,746,242.04317617450926,hospital-road
58,557,589.8949000208592,power-road
59,206,180.73702788328367,road-road
59,261,12.39085517252981,road-road
59,704,213.8590747106347,hospital-road
59,262,266.7673903316461,road-road
59,422,271.8939422775188,road-road
59,423,272.53873178839365,road-road
59,414,337.20122287815724,road-road
59,245,347.3141885690751,road-road
59,205,206.87059020711942,road-road
59,208,218.0416891154922,road-road
59,311,157.33397699754443,road-road
59,142,180.57371710683367,road-road
59,207,192.1404328777952,road-road
59,339,179.0978646094704,road-road
59,553,567.0227265923393,power-road
59,461,357.2857423315656,road-road
59,460,349.1407222474146,road-road
59,625,187.23913201064963,hospital-road
59,736,379.3822819000199,hospital-road
59,247,335.3854947011075,road-road
59,746,230.75176531403162,hospital-road
59,557,777.2995761449718,power-road
60,699,438.1900546326748,hospital-road
60,653,339.26458054670513,hospital-road
60,748,157.86222480725658,hospital-road
60,79,423.1435164880417,road-road
60,80,408.85129378930435,road-road
60,412,432.2979921430832,road-road
60,592,499.29728915480445,hospital-road
60,256,384.6786284814883,road-road
60,587,309.77439948555406,hospital-road
60,551,453.6973238764089,power-road
60,644,398.75149871120004,hospital-road
60,452,479.92621418953644,road-road
60,535,471.44929327157666,road-road
60,536,470.94518962485233,road-road
60,288,348.55598548259354,road-road
60,680,418.1257258037169,hospital-road
60,600,419.11628522379647,hospital-road
62,547,743.1739138832894,power-road
62,105,258.47733956237266,road-road
62,548,967.8819977698998,power-road
62,469,259.31683569040007,road-road
62,505,36.650087305047705,road-road
62,416,19.734653553336933,road-road
62,68,40.04841688325007,road-road
62,71,20.9065384425208,road-road
62,506,32.927975165893095,road-road
62,417,11.502946520796442,road-road
62,836,67.94870609710074,hospital-road
62,541,27.32687774116731,road-road
62,366,25.67528967282507,road-road
62,63,31.710444669787545,road-road
62,67,33.16014338882072,road-road
62,66,187.38199132777015,road-road
62,70,250.63979400516035,road-road
62,64,235.98171716817004,road-road
62,859,396.79458029675465,hospital-road
62,65,232.05673150592457,road-road
62,69,148.9812488471976,road-road
62,470,480.13261823519775,road-road
63,547,755.1593487889346,power-road
63,105,268.55244057572264,road-road
63,548,999.5474619905124,power-road
63,469,291.0266717319099,road-road
63,505,53.69183858449005,road-road
63,416,28.776435799121632,road-road
63,68,46.92900091344382,road-road
63,71,40.5144879867088,road-road
63,506,39.998827290167895,road-road
63,417,20.83132602668098,road-road
63,836,69.44808286152251,hospital-road
63,541,20.493863427475823,road-road
63,366,9.690890103695022,road-road
63,67,12.575342662373789,road-road
63,66,156.92032208730095,road-road
63,70,219.46254266793684,road-road
63,64,209.381063599136,road-road
63,859,385.6392424490591,hospital-road
63,65,202.65484213836353,road-road
63,69,122.69126276277191,road-road
63,470,466.29143025545267,road-road
64,547,940.2231041844907,power-road
64,105,458.60295246371675,road-road
64,469,477.09737652483585,road-road
64,505,262.80976208231095,road-road
64,416,238.1349474627947,road-road
64,68,253.47333768170395,road-road
64,71,249.7864225413371,road-road
64,506,247.7521301655131,road-road
64,417,224.92363539008056,road-road
64,836,267.0964455122436,hospital-road
64,541,209.02972231757116,road-road
64,366,211.35846147012543,road-road
64,67,217.65840403924418,road-road
64,66,76.34466096043853,road-road
64,70,89.77473072084966,road-road
64,859,249.8873982061632,hospital-road
64,65,42.35520181724382,road-road
64,69,87.01038303244692,road-road
64,470,305.24658451884574,road-road
65,547,913.7756763435309,power-road
65,105,436.65944944964366,road-road
65,469,483.2815664151997,road-road
65,505,254.25805233538128,road-road
65,416,230.67397794666616,road-road
65,68,243.06997052862437,road-road
65,71,242.9134397180016,road-road
65,506,238.27355587714146,road-road
65,417,220.60469980014807,road-road
65,836,252.64437395932322,hospital-road
65,541,206.45916297674805,road-road
65,366,206.50073702900633,road-road
65,67,208.89713006307085,road-road
65,66,49.3380769776464,road-road
65,70,48.44273678231756,road-road
65,859,291.7956710281685,hospital-road
65,69,89.10172053108957,road-road
65,470,344.3535287681182,road-road
66,547,866.2356468822675,power-road
66,105,387.6616419711036,road-road
66,469,442.9260350508613,road-road
66,505,207.1359242711118,road-road
66,416,184.2214079700224,road-road
66,68,195.33341789024593,road-road
66,71,196.6069783475785,road-road
66,506,190.9077734248507,road-road
66,417,175.87950749636894,road-road
66,836,203.76522624485096,hospital-road
66,541,163.0325364018145,road-road
66,366,161.7080440898309,road-road
66,67,162.10627535425522,road-road
66,70,65.90272512994034,road-road
66,859,319.4846617274741,hospital-road
66,69,59.632516325344625,road-road
66,470,380.1200643590019,road-road
67,547,743.2599520003448,power-road
67,105,256.56340876240927,road-road
67,548,999.2740067539698,power-road
67,469,290.36027396253087,road-road
67,505,45.449108620333256,road-road
67,416,22.34109989283951,road-road
67,68,36.30897477479268,road-road
67,71,34.798590657606006,road-road
67,506,30.118362987791137,road-road
67,417,25.022903191404076,road-road
67,836,57.172622404907386,hospital-road
67,541,31.537910028769648,road-road
67,366,20.18773159067479,road-road
67,70,223.22770409388377,road-road
67,859,397.86304468721113,hospital-road
67,69,131.5216879389596,road-road
67,470,478.1617545689904,road-road
68,547,708.8856405622545,power-road
68,105,222.6369175268984,road-road
68,548,977.2140535975129,power-road
68,469,268.9101808224718,road-road
68,505,15.333480067112546,road-road
68,416,22.080930453510444,road-road
68,71,21.141964369810577,road-road
68,506,7.634014797847383,road-road
68,417,42.807849818871354,road-road
68,836,27.93233583942464,hospital-road
68,541,58.84465811230061,road-road
68,366,49.79700544325677,road-road
68,70,254.2431528840037,road-road
68,859,431.287278864837,hospital-road
68,69,167.6719857861994,road-road
69,547,864.7559486772363,power-road
69,105,379.56859755791027,road-road
69,469,394.73079992274955,road-road
69,505,176.30556353652446,road-road
69,416,151.4674793624689,road-road
69,71,162.96120324213808,road-road
69,506,161.6293506212013,road-road
69,417,137.91347124965262,road-road
69,836,183.42977206819728,hospital-road
69,541,122.09708910994858,road-road
69,366,124.37938851370878,road-road
69,70,122.88755923802297,road-road
69,859,291.54977294139746,hospital-road
69,470,362.4638664269992,road-road
70,547,898.0778407959623,power-road
70,105,429.5505537314002,road-road
70,505,267.16578067120776,road-road
70,416,245.5638133149363,road-road
70,71,258.02307021104474,road-road
70,506,250.6609362211091,road-road
70,417,239.19006962317152,road-road
70,836,258.7071594674664,hospital-road
70,541,227.36404535280877,road-road
70,366,225.09294498711105,road-road
70,859,336.33468161628275,hospital-road
70,470,383.4766377016516,road-road
71,547,722.7736889094789,power-road
71,105,237.72150700530364,road-road
71,548,966.0947335424826,power-road
71,469,257.1518692675193,road-road
71,505,15.903610668451421,road-road
71,416,12.45926158800598,road-road
71,506,15.69991265004789,road-road
71,417,27.63788602851531,road-road
71,836,48.71222733641293,hospital-road
71,541,45.14466467130198,road-road
71,366,39.129619733580704,road-road
71,859,417.09955313589455,hospital-road
71,470,499.9496292516178,road-road
72,78,413.5652286064528,road-road
72,259,172.08691063882554,road-road
72,586,459.6902112591634,hospital-road
72,655,455.16227750265347,hospital-road
72,796,205.10553952601524,hospital-road
72,709,171.88305340802765,hospital-road
72,514,89.59747619760273,road-road
72,559,54.3288428745644,hospital-road
72,662,127.95925627363161,hospital-road
72,794,332.78904948228853,hospital-road
72,853,309.5222321229901,hospital-road
73,794,469.53530760960774,hospital-road
73,676,239.1975790823961,hospital-road
73,74,166.69896563385583,road-road
73,722,452.2122779645657,hospital-road
73,75,53.40259382561444,road-road
73,77,495.06642813145515,road-road
73,191,499.7112303100932,road-road
74,796,488.3595313322914,hospital-road
74,662,445.71992071369857,hospital-road
74,774,476.3889305466145,hospital-road
74,794,314.1878203477406,hospital-road
74,773,413.3445872198859,hospital-road
74,676,77.03692928090773,hospital-road
74,722,478.5131549598847,hospital-road
74,75,211.07126882965355,road-road
74,658,496.4446877746213,hospital-road
74,802,472.6307728576036,hospital-road
75,676,286.2408150128361,hospital-road
75,722,488.1742791999818,hospital-road
75,77,460.8485625175633,road-road
75,191,462.56075951118,road-road
75,482,471.26336931361953,road-road
75,192,468.1649708555517,road-road
75,483,458.3971629994833,road-road
75,780,490.5555111275659,hospital-road
75,193,472.6715676511524,road-road
75,76,490.63197520317726,road-road
75,215,494.53661926445733,road-road
76,77,444.22453170777993,road-road
76,191,412.27464770377964,road-road
76,482,260.3038934298203,road-road
76,192,406.4353484358641,road-road
76,483,255.61382228720717,road-road
76,780,263.7020053935799,hospital-road
76,540,127.32888646054069,road-road
76,193,196.90391302987814,road-road
76,490,195.42489467043717,road-road
76,489,110.21028080393245,road-road
76,215,12.43107220182032,road-road
76,811,159.86411866165358,hospital-road
76,781,416.8021960025221,hospital-road
77,658,218.5077648329227,hospital-road
77,845,231.84964645354273,hospital-road
77,802,292.54725745386156,hospital-road
77,191,35.534361251020876,road-road
77,482,195.95503671715855,road-road
77,192,44.864193489852624,road-road
77,483,195.40454826759523,road-road
77,780,202.95091898010514,hospital-road
77,540,398.48668962367884,road-road
77,193,258.0591401940647,road-road
77,490,403.1625406594232,road-road
77,489,379.7283447386161,road-road
77,215,456.31837955481075,road-road
77,811,420.1975657418182,hospital-road
77,641,415.4903311777875,hospital-road
77,258,451.55283637583454,road-road
77,257,440.3847797176748,road-road
78,629,368.099605030817,hospital-road
78,640,179.2679527625727,hospital-road
78,259,370.2533580478178,road-road
78,586,279.20188493802425,hospital-road
78,655,341.20258915583366,hospital-road
78,796,483.42386910620644,hospital-road
78,709,450.05622573760803,hospital-road
78,514,386.79224026116174,road-road
78,559,432.66420411228523,hospital-road
78,853,415.3444175039535,hospital-road
79,577,491.1502484874732,hospital-road
79,591,291.8824386116038,hospital-road
79,653,342.0177508575533,hospital-road
79,748,266.5046285227571,hospital-road
79,80,33.3791066531055,road-road
79,412,12.276380978930511,road-road
79,696,339.62062801233344,hospital-road
79,592,309.46412869558054,hospital-road
79,256,286.7724523168317,road-road
79,587,310.65534730352516,hospital-road
79,648,398.86815090960357,hospital-road
79,551,645.6190791249684,power-road
80,591,276.0421899915507,hospital-road
80,653,356.84817089355056,hospital-road
80,748,251.07723306026026,hospital-road
80,412,45.09698831979292,road-road
80,696,369.7824803885499,hospital-road
80,592,278.7526938113557,hospital-road
80,256,253.3943634909346,road-road
80,587,278.6638306099822,hospital-road
80,648,371.7936866592016,hospital-road
80,593,489.1309640990991,hospital-road
80,551,613.9863181651318,power-road
81,228,492.74586297052747,road-road
81,229,492.3588910923533,road-road
81,146,490.31910284510957,road-road
81,250,493.97304632000044,road-road
81,240,308.99830862561265,road-road
81,431,258.73653072912714,road-road
81,611,417.7794974020655,hospital-road
81,557,816.9507075620169,power-road
81,834,307.27726464358636,hospital-road
81,231,252.05657937086028,road-road
81,230,264.2207154994122,road-road
81,232,277.84315199277944,road-road
81,432,258.2685570968412,road-road
81,148,251.12761901444543,road-road
81,233,280.49243537323804,road-road
81,234,232.06270702892203,road-road
81,147,258.47206837070974,road-road
81,235,251.22412193442366,road-road
81,237,260.4838350807468,road-road
81,236,232.16963386739437,road-road
81,238,252.8724706464341,road-road
81,226,8.048545120736575,road-road
81,358,291.13684651284916,road-road
81,239,292.5035040107744,road-road
81,728,30.80826558572811,hospital-road
81,706,399.2865321131184,hospital-road
81,646,33.7025900469526,hospital-road
81,650,360.45435703806766,hospital-road
81,730,477.32902050410803,hospital-road
81,598,374.62488950885927,hospital-road
82,572,287.0001267285159,hospital-road
82,840,406.20832358382177,hospital-road
82,180,389.30404144919675,road-road
82,179,390.0204562705832,road-road
82,302,8.529299113584438,road-road
82,872,473.45573329897246,hospital-road
82,590,460.54383290939603,hospital-road
84,184,498.59195213297096,road-road
84,368,321.1211396413862,road-road
84,683,411.61987725724777,hospital-road
84,317,218.819971502752,road-road
84,299,124.16474537334808,road-road
85,327,322.1526310969086,road-road
85,326,331.7554984079746,road-road
85,631,200.44002028122586,hospital-road
85,184,194.497416719281,road-road
85,418,167.3692386173677,road-road
85,315,47.05992487611688,road-road
85,316,51.23584020978479,road-road
85,368,278.35818054181163,road-road
85,86,57.221154656879676,road-road
85,683,210.713826494168,hospital-road
85,317,387.02605295561744,road-road
85,290,496.34114412772016,road-road
86,327,346.68434023782316,road-road
86,326,357.8186268513038,road-road
86,631,227.04655341852586,hospital-road
86,184,251.4768261104105,road-road
86,418,224.3782607895133,road-road
86,555,992.8470386280281,power-road
86,315,56.56542280785977,road-road
86,316,31.897555394459378,road-road
86,368,308.3086530364252,road-road
86,683,265.1130160577439,hospital-road
86,317,417.9933945032877,road-road
87,289,376.48326267195364,road-road
87,450,130.58369964595852,road-road
87,449,133.36785362963712,road-road
87,88,81.78683606713025,road-road
87,555,372.8995640017419,power-road
88,289,449.29413500850075,road-road
88,450,212.12114257027335,road-road
88,449,214.36127001585305,road-road
88,555,396.1139105816388,power-road
89,94,405.1540811881264,road-road
89,749,471.8825033242666,hospital-road
89,405,383.6781213327133,road-road
89,95,356.21117491040894,road-road
89,404,375.51556374881244,road-road
89,145,290.22753353024825,road-road
89,403,396.06340363093364,road-road
89,90,300.9499072667148,road-road
89,97,182.98795127948355,road-road
89,92,219.384965206621,road-road
89,96,146.70484236535668,road-road
89,617,260.04706608617596,hospital-road
89,91,231.55574668296438,road-road
89,93,231.70099336070112,road-road
89,473,41.05712370176329,road-road
89,871,47.44082754244654,hospital-road
89,606,122.73738026739241,hospital-road
89,763,477.48240331871017,hospital-road
89,210,20.480696611813592,road-road
89,310,308.3654248787626,road-road
89,309,283.87356894351973,road-road
89,555,810.079497277107,power-road
90,94,155.99219401486587,road-road
90,749,208.88520413616797,hospital-road
90,144,265.2573865459026,road-road
90,406,256.50011389574297,road-road
90,405,83.65563457586542,road-road
90,95,231.65004182463076,road-road
90,404,87.38568049656351,road-road
90,145,92.370017377004,road-road
90,403,106.7616004346452,road-road
90,758,325.16343827392467,hospital-road
90,97,139.87803219493458,road-road
90,92,199.5415506716326,road-road
90,96,182.9006529005951,road-road
90,617,157.82959551932532,hospital-road
90,91,78.05582936083661,road-road
90,93,175.57241308488673,road-road
90,473,341.1108305203669,road-road
90,871,323.34680477528644,hospital-road
90,606,407.0933942720516,hospital-road
90,763,488.807840179862,hospital-road
90,210,312.8060742594322,road-road
90,310,310.69359688563264,road-road
90,309,321.3645225524724,road-road
91,94,183.90480649158073,road-road
91,749,282.9011014478928,hospital-road
91,144,343.06223994790054,road-road
91,406,333.7158499921901,road-road
91,405,154.95130544048058,road-road
91,95,203.1131546775477,road-road
91,404,164.55184412374854,road-road
91,145,74.3216876817115,road-road
91,403,184.41081073344984,road-road
91,758,388.40156004620616,hospital-road
91,97,61.83998479562253,road-road
91,92,131.4060639234499,road-road
91,96,104.94748162476594,road-road
91,617,167.80570090838734,hospital-road
91,93,111.33784304757316,road-road
91,473,272.4792018608266,road-road
91,871,259.842240323392,hospital-road
91,606,344.9042465301876,hospital-road
91,763,499.6002300284211,hospital-road
91,210,245.6214769692899,road-road
91,310,252.663534880065,road-road
91,309,257.21136167359526,road-road
92,94,218.84238287072645,road-road
92,749,408.3920528656943,hospital-road
92,144,450.9047267793086,road-road
92,406,437.82919305934536,road-road
92,405,255.49756937345015,road-road
92,95,136.97855537059792,road-road
92,404,285.7583838106078,road-road
92,145,125.35670759596785,road-road
92,403,303.7775059554107,road-road
92,97,88.02963926241308,road-road
92,96,85.56030477166944,road-road
92,617,287.4739375079817,hospital-road
92,93,26.38958509891442,road-road
92,473,256.14937176445636,road-road
92,871,263.36645902958054,hospital-road
92,606,341.6998153186991,hospital-road
92,210,239.25236594801098,road-road
92,310,126.13363136604592,road-road
92,309,126.11414485127595,road-road
92,149,495.614696444361,road-road
92,151,491.0029860728746,road-road
92,555,960.2639473318018,power-road
93,94,194.32250435091515,road-road
93,749,384.1124813877563,hospital-road
93,144,424.71562819377584,road-road
93,406,411.53060465251986,road-road
93,405,229.34411348585553,road-road
93,95,126.63660932403512,road-road
93,404,261.0610361796499,road-road
93,145,99.01464114834522,road-road
93,403,278.7558741254902,road-road
93,758,497.7095549232722,hospital-road
93,97,78.35855236002156,road-road
93,96,89.30337869490586,road-road
93,617,273.1363094597617,hospital-road
93,473,270.02029695195046,road-road
93,871,273.75690403212684,hospital-road
93,606,354.43837343965265,hospital-road
93,210,250.97255798372612,road-road
93,310,141.5654234676712,road-road
93,309,146.73424925303533,road-road
93,555,984.5443639869457,power-road
94,749,288.6870040607546,hospital-road
94,144,275.2086298793682,road-road
94,406,256.7178404761664,road-road
94,405,118.79242864346051,road-road
94,95,147.16075257413056,road-road
94,404,183.90703679276044,road-road
94,145,115.18048194673362,road-road
94,403,188.54017860680193,road-road
94,758,428.2717193853699,hospital-road
94,97,222.19124880428393,road-road
94,96,260.63180185285796,road-road
94,617,313.7988827919372,hospital-road
94,473,445.9820018551041,road-road
94,871,439.1018875146892,hospital-road
94,210,421.67727300147817,road-road
94,310,272.08542811556555,road-road
94,309,298.6657526726071,road-road
95,749,417.12838085855293,hospital-road
95,144,420.72173067476274,road-road
95,406,402.9323315300573,road-road
95,405,242.83100122833815,road-road
95,404,297.89463345048927,road-road
95,145,140.90596361958742,road-road
95,403,309.558555058256,road-road
95,97,198.21488709293007,road-road
95,96,215.93161560744423,road-road
95,617,369.6817071520611,hospital-road
95,473,393.11501758700325,road-road
95,871,399.5350174797497,hospital-road
95,606,478.65263015609116,hospital-road
95,210,375.93935907633784,road-road
95,310,130.5357264686651,road-road
95,309,162.2775179969621,road-road
95,149,484.2906264022967,road-road
95,151,482.88224904254764,road-road
96,749,383.34467855521916,hospital-road
96,144,448.00941036069486,road-road
96,406,438.5153896796833,road-road
96,405,258.2030369230007,road-road
96,404,268.4903027137708,road-road
96,145,147.28446539426963,road-road
96,403,288.6522675369272,road-road
96,758,477.0966687038196,hospital-road
96,97,43.8507348570682,road-road
96,617,222.43304519296305,hospital-road
96,473,186.76918378988665,road-road
96,871,186.11250513246364,hospital-road
96,606,268.7039050185851,hospital-road
96,210,164.89379547816057,road-road
96,310,204.50504512275637,road-road
96,309,194.610990186651,road-road
96,555,930.4032575748619,power-road
97,749,343.2359616087723,hospital-road
97,144,404.62650454483787,road-road
97,406,394.8829249603512,road-road
97,405,214.35241118446638,road-road
97,404,226.25619022102927,road-road
97,145,107.2644507853701,road-road
97,403,246.20285267962828,road-road
97,758,442.78821382499603,hospital-road
97,617,200.00548517716078,hospital-road
97,473,223.88193778221498,road-road
97,871,217.9624135985854,hospital-road
97,606,302.445638708989,hospital-road
97,210,199.57233381434722,road-road
97,310,214.1497493617973,road-road
97,309,211.5816851567643,road-road
97,555,973.9855881170695,power-road
98,757,319.84963710271126,hospital-road
98,362,272.8218295992978,road-road
98,364,251.57846688565144,road-road
98,564,187.65683495314846,hospital-road
98,130,400.9171582425029,road-road
98,844,151.84321397116014,hospital-road
98,565,142.07812477109064,hospital-road
98,827,229.24667790811537,hospital-road
100,558,439.9740644422809,hospital-road
100,626,306.00760961101577,hospital-road
100,415,10.506956727421922,road-road
100,381,11.489345432873172,road-road
101,832,491.33264642276623,hospital-road
101,624,404.36454874671267,hospital-road
101,719,409.91631120014335,hospital-road
101,826,360.9537538952411,hospital-road
101,127,33.223548559334304,road-road
101,380,8.101954886380014,road-road
101,382,14.925344201877042,road-road
101,558,316.69872368968015,hospital-road
101,720,391.2696417227754,hospital-road
101,189,12.763528035931873,road-road
101,846,407.62613905058146,hospital-road
101,190,35.730513914682604,road-road
101,626,464.90450157329667,hospital-road
102,720,472.2849858842799,hospital-road
102,681,431.45993579481774,hospital-road
102,329,406.24618962902264,road-road
102,878,375.29735749551963,hospital-road
102,136,463.3720480048652,road-road
102,296,363.0489093690197,road-road
102,387,465.32654373625445,road-road
102,154,376.2762542094629,road-road
102,155,277.5847781346845,road-road
102,330,397.77955227740466,road-road
102,126,455.4820756468449,road-road
102,170,22.358287026160365,road-road
102,350,27.441564966248272,road-road
102,743,262.1637470776358,hospital-road
102,571,491.52397007311515,hospital-road
102,349,16.098867642268846,road-road
102,621,446.6881714536796,hospital-road
102,672,236.1029210977065,hospital-road
102,657,447.7000776935457,hospital-road
102,835,464.13548966247623,hospital-road
103,843,444.81993557989824,hospital-road
103,806,439.5058291751433,hospital-road
103,547,569.9048888127793,power-road
103,402,377.78611593652823,road-road
103,401,395.9190157964683,road-road
103,409,433.504540114901,road-road
103,400,368.8062739317325,road-road
103,410,426.83763051353395,road-road
103,169,451.5684535935162,road-road
103,164,383.8165038644046,road-road
103,741,367.3111899696362,hospital-road
103,875,236.87697011948742,hospital-road
103,790,117.62288437379398,hospital-road
103,674,115.50047926842025,hospital-road
103,619,108.48597370721996,hospital-road
103,791,160.95737738617166,hospital-road
103,784,434.8271048529288,hospital-road
103,770,414.0123719614029,hospital-road
103,787,357.7816551055294,hospital-road
103,779,479.1471421418996,hospital-road
103,667,138.61566591182964,hospital-road
103,765,489.9792806625943,hospital-road
104,396,492.3956799935459,road-road
104,395,378.6378698621837,road-road
104,394,186.01605580147086,road-road
105,724,359.6634881102051,hospital-road
105,569,378.0760436883598,hospital-road
105,547,486.76152624086615,power-road
105,337,319.3651935639855,road-road
105,336,394.750806936916,road-road
105,671,408.5436622614335,hospital-road
105,800,388.95436521875627,hospital-road
105,548,947.9150109186745,power-road
105,469,315.76297827960565,road-road
105,505,221.851736111234,road-road
105,416,244.20729338911588,road-road
105,506,230.16658275507112,road-road
105,417,264.4922690591271,road-road
105,836,199.5830680842811,hospital-road
105,541,281.2945170047473,road-road
105,366,272.4057844206157,road-road
106,214,392.51411603126604,road-road
106,183,377.4127077592684,road-road
106,213,333.9668594103136,road-road
106,481,385.5437569451433,road-road
106,532,296.6748393182599,road-road
106,307,427.5274926122939,road-road
106,308,406.76727977918665,road-road
106,196,226.57000398233538,road-road
106,173,217.29516122035193,road-road
106,545,341.85972350459514,road-road
106,298,208.37632762184765,road-road
106,543,366.7883793696054,road-road
106,544,348.2543060061781,road-road
106,542,360.1604129158625,road-road
106,393,366.2874909610973,road-road
106,550,487.16557913672756,power-road
106,392,375.995598840122,road-road
106,212,254.77794009125236,road-road
106,556,26.82314630847954,power-road
106,764,81.82758559960212,hospital-road
106,792,152.25917793850522,hospital-road
106,804,37.8984744830072,hospital-road
106,166,364.4216273349462,road-road
106,107,94.64642593444681,road-road
106,426,399.3101723900466,road-road
106,876,361.4544963336322,hospital-road
107,214,478.32856947452166,road-road
107,183,466.24632785105183,road-road
107,213,420.1248229591544,road-road
107,481,475.9456748250724,road-road
107,532,380.7235010242271,road-road
107,308,492.3294427904962,road-road
107,196,294.99402445808965,road-road
107,173,256.7133905166406,road-road
107,545,312.1808525842037,road-road
107,298,252.142298922612,road-road
107,543,335.16405834314736,road-road
107,544,320.83493526645503,road-road
107,542,326.4426130775819,road-road
107,393,328.5344275120191,road-road
107,550,469.5368746148752,power-road
107,392,339.2076683572619,road-road
107,493,457.1778737972721,road-road
107,212,333.4671098682975,road-road
107,556,93.1416730566886,power-road
107,764,121.09085665516417,hospital-road
107,792,122.72100601954976,hospital-road
107,804,112.2740535856646,hospital-road
107,166,312.66579428966617,road-road
107,167,496.20018188987837,road-road
107,399,467.280277205735,road-road
107,359,455.146133058944,road-road
107,360,456.01143858308154,road-road
107,367,468.18703892526327,road-road
107,426,304.66377707044995,road-road
107,304,454.66012834024554,road-road
107,462,431.27818986353634,road-road
107,876,294.61983136263194,hospital-road
107,778,458.3583432500045,hospital-road
107,808,499.4107085145828,hospital-road
108,841,369.8701987089955,hospital-road
108,563,329.1245816359429,hospital-road
108,112,17.216455067605704,road-road
108,110,284.4199510032883,road-road
108,276,288.2654665790949,road-road
108,275,276.063836497238,road-road
108,340,12.11037761613847,road-road
108,879,493.05737961553996,hospital-road
108,546,202.96651376838926,road-road
108,111,356.7150371786053,road-road
108,158,477.5835100634769,road-road
108,438,496.4881267474084,road-road
108,168,477.9984742510213,road-road
108,429,493.2421463380255,road-road
108,341,492.224308907448,road-road
108,548,621.0376331216057,power-road
109,797,306.6284287033208,hospital-road
109,281,286.5068506826287,road-road
109,282,285.8016630556573,road-road
109,283,276.3244526799431,road-road
109,488,267.8499072885493,road-road
109,715,478.7380812493586,hospital-road
109,285,283.30041061153116,road-road
109,284,277.18548788770516,road-road
109,287,447.334833003185,road-road
109,286,306.441716928608,road-road
109,637,446.6808205371475,hospital-road
109,733,476.63816463663767,hospital-road
109,413,270.3304049067305,road-road
109,717,398.8761721512717,hospital-road
110,841,160.04628402821882,hospital-road
110,563,80.78952183081266,hospital-road
110,112,268.77423876455066,road-road
110,276,17.61241198640261,road-road
110,463,249.1067807062641,road-road
110,273,237.61864680884688,road-road
110,275,17.603254208962536,road-road
110,340,286.52624044200365,road-road
110,113,250.00719976478894,road-road
110,546,487.28040874782675,road-road
110,548,905.3911062348976,power-road
111,112,372.5503359363923,road-road
111,340,355.12088014515155,road-road
111,647,441.1098222139973,hospital-road
111,448,328.2847251216342,road-road
111,879,320.8312758383043,hospital-road
111,687,412.752852086246,hospital-road
111,318,205.73499984346358,road-road
111,546,154.07570799040192,road-road
111,158,121.6976155156024,road-road
111,438,179.18380994461188,road-road
111,168,121.2987192384485,road-road
111,429,139.54288775917317,road-road
111,430,206.6138462676565,road-road
111,341,135.53867978637282,road-road
111,159,195.36559897750143,road-road
111,342,163.97062023833917,road-road
111,855,390.1405203463502,hospital-road
111,548,264.728262648433,power-road
111,518,311.23175716217054,road-road
111,517,311.11735017860207,road-road
111,838,470.2036326123366,hospital-road
111,601,495.6399847973259,hospital-road
112,841,352.65380682678824,hospital-road
112,563,312.26030649326594,hospital-road
112,276,273.09109377743425,road-road
112,275,260.8553508647003,road-road
112,340,18.284992395894196,road-road
112,546,219.07526673072138,road-road
112,158,493.62366755068246,road-road
112,168,493.84905402527494,road-road
112,548,636.629343737924,power-road
113,841,280.4649423078499,hospital-road
113,563,242.86186348024148,hospital-road
113,276,243.51041707605816,road-road
113,463,10.20478858323631,road-road
113,273,13.081655728703044,road-road
113,275,255.78405369588623,road-road
113,533,324.20467183190976,road-road
113,534,324.8104743179159,road-road
114,510,373.8326725405909,road-road
114,509,370.14349492516897,road-road
114,452,255.29855399544158,road-road
114,143,21.724997122952416,road-road
114,535,264.37981862018756,road-road
114,536,264.22151453733886,road-road
114,436,341.22368731979486,road-road
114,616,307.615501885241,hospital-road
114,435,338.0410253811787,road-road
116,551,887.8366987075982,power-road
116,118,324.8738045218874,road-road
116,870,55.034130723913975,hospital-road
116,583,397.7256948989318,hospital-road
117,657,487.8823328654552,hospital-road
117,345,489.8076896328373,road-road
117,835,471.04052320285587,hospital-road
117,171,263.19796055329516,road-road
117,684,250.75835312620606,hospital-road
117,172,21.292006742534355,road-road
117,377,37.766067121814864,road-road
117,379,10.364917298863153,road-road
117,378,24.593281872061482,road-road
117,628,341.1917851147786,hospital-road
117,685,407.160098512126,hospital-road
118,610,357.54989356237735,hospital-road
118,119,428.74948492789196,road-road
118,670,353.7211877572334,hospital-road
118,870,308.14234542922594,hospital-road
119,657,478.27559480702695,hospital-road
119,122,303.78677703762395,road-road
119,345,307.8401709199726,road-road
119,835,465.750844768094,hospital-road
119,120,89.99443575253396,road-road
119,346,98.53479241918613,road-road
119,610,71.730844461803,hospital-road
119,710,443.83464600787124,hospital-road
119,347,388.4799557985919,road-road
120,657,457.4254666917534,hospital-road
120,122,287.9322061572289,road-road
120,345,289.00013611664303,road-road
120,835,442.13463673425827,hospital-road
120,346,8.54057656647846,road-road
120,610,155.28181240124616,hospital-road
120,710,416.4540716261058,hospital-road
120,347,364.60896781662194,road-road
121,710,114.581154390009,hospital-road
121,347,165.764453093631,road-road
121,670,376.8209918281795,hospital-road
121,348,9.023572709235134,road-road
122,743,471.3054911802813,hospital-road
122,571,339.2729330666012,hospital-road
122,707,419.54199556762705,hospital-road
122,621,399.10047050116776,hospital-road
122,672,382.2725034033127,hospital-road
122,657,174.4892984782407,hospital-road
122,345,10.369857384013216,road-road
122,835,162.48913743428943,hospital-road
122,171,381.3143647951642,road-road
122,684,365.55770565883245,hospital-road
122,346,287.7833832341776,road-road
122,172,484.8127959641623,road-road
122,377,476.89556584997115,road-road
122,378,491.19674372709517,road-road
122,610,362.56230129909676,hospital-road
123,292,12.176770235421635,road-road
123,371,451.94172937780036,road-road
123,293,442.9813600248768,road-road
123,386,465.26839587304454,road-road
123,153,450.132153516313,road-road
123,623,205.66733146545383,hospital-road
123,387,476.49831198173865,road-road
123,713,432.43841039361996,hospital-road
123,294,284.3183637915027,road-road
123,437,295.96675432184406,road-road
123,125,461.33612059089245,road-road
123,295,461.05420846065914,road-road
123,523,290.7937957778068,road-road
123,124,299.87759325040156,road-road
124,292,294.65693332346643,road-road
124,623,295.85537211619504,hospital-road
124,713,390.4274790727342,hospital-road
124,126,493.96950331371505,road-road
124,591,441.32465293836066,hospital-road
124,592,496.14603692930183,hospital-road
124,648,378.6254127023211,hospital-road
124,593,253.8479139940737,hospital-road
124,294,19.0878581846037,road-road
124,437,11.657035368417763,road-road
124,125,171.39792930238076,road-road
124,551,810.5584680718405,power-road
124,295,169.01946919920914,road-road
124,523,9.511409744741876,road-road
124,242,225.39872917702746,road-road
125,292,457.8067008061246,road-road
125,623,463.1002186923519,hospital-road
125,591,314.15103950026673,hospital-road
125,592,329.881113892683,hospital-road
125,256,440.2459656274369,road-road
125,648,212.15690186345395,hospital-road
125,593,84.62833880660745,hospital-road
125,294,182.00700380962493,road-road
125,437,171.00841184980695,road-road
125,551,650.3509340993534,power-road
125,295,8.227876485337438,road-road
125,523,180.83131390933568,road-road
125,242,54.24718146645794,road-road
125,865,462.48212886823535,hospital-road
126,623,336.98591314923135,hospital-road
126,713,112.7804460093907,hospital-road
126,170,434.17180017374454,road-road
126,350,438.4861231219904,road-road
126,571,261.70824820941556,hospital-road
126,349,459.5834582295625,road-road
126,707,207.29167028432022,hospital-road
126,621,194.41434422704188,hospital-road
126,672,407.33183847438676,hospital-road
126,523,490.05389264159487,road-road
127,832,463.67520821223275,hospital-road
127,624,374.82841844396415,hospital-road
127,719,380.4568293147979,hospital-road
127,826,328.7703950834522,hospital-road
127,380,25.126097388754058,road-road
127,382,28.47849299372915,road-road
127,558,322.63562307727733,hospital-road
127,720,421.99823691518026,hospital-road
127,189,35.15953888097039,road-road
127,846,439.0117325528731,hospital-road
127,190,12.756780259682664,road-road
127,626,461.20793758522336,hospital-road
129,530,16.802524192333372,road-road
129,564,412.64244278333035,hospital-road
129,130,311.58789141588926,road-road
129,521,109.79532261949787,road-road
129,522,110.12877790724006,road-road
129,677,102.84690280529735,hospital-road
129,827,313.73430589464857,hospital-road
130,530,301.6273232507406,road-road
130,564,220.4532795052797,hospital-road
130,521,411.95604314985474,road-road
130,522,416.0824193406382,road-road
130,131,351.9020434452314,road-road
130,677,349.65161025225194,hospital-road
130,827,354.621983788356,hospital-road
131,564,441.99061135033946,hospital-road
132,877,368.8628669235181,hospital-road
132,627,415.3705099472252,hospital-road
132,301,457.4559786847738,road-road
132,344,471.7896238836718,road-road
132,133,439.096030649029,road-road
132,573,463.7375820025676,hospital-road
133,512,358.26555862311903,road-road
133,513,363.9833953646372,road-road
133,877,110.58832113847285,hospital-road
133,627,49.2910282261619,hospital-road
133,301,34.605487104921785,road-road
133,344,32.69360157399446,road-road
133,759,307.32771624796953,hospital-road
133,749,426.59497405504413,hospital-road
133,144,394.31902513499926,road-road
133,406,413.14133281765857,road-road
133,758,365.504327162068,hospital-road
135,589,384.8856656854805,hospital-road
135,628,295.5920870456768,hospital-road
135,428,212.0838112988638,road-road
135,427,212.34533630584187,road-road
135,520,141.2235244328735,road-road
135,519,141.51233607981166,road-road
135,685,217.35164472719748,hospital-road
135,568,97.88541807129602,hospital-road
136,720,389.13688118337393,hospital-road
136,846,232.131502144222,hospital-road
136,329,166.37666044763807,road-road
136,878,246.737510667964,hospital-road
136,669,280.53236385468404,hospital-road
136,831,222.15733340905598,hospital-road
136,737,213.63858098062224,hospital-road
136,371,290.0064636905237,road-road
136,293,297.2702469065139,road-road
136,386,279.4244613593408,road-road
136,153,285.66213507162945,road-road
136,152,179.82544262107308,road-road
136,369,178.54988578622388,road-road
136,372,167.33242555988915,road-road
136,370,165.75651839918487,road-road
136,296,239.7736771981214,road-road
136,387,235.76373650187475,road-road
136,154,98.56829284868073,road-road
136,155,245.91198249448243,road-road
136,330,176.05382573171892,road-road
136,170,476.73548251486187,road-road
136,350,489.0548948273021,road-road
136,349,477.071135979505,road-road
138,849,455.69595322037503,hospital-road
138,850,413.97678319624094,hospital-road
138,718,268.0363238929928,hospital-road
138,810,380.8415720496761,hospital-road
138,663,461.63271601714024,hospital-road
138,139,281.66072206915953,road-road
138,224,272.562989865567,road-road
138,447,82.19840986285287,road-road
138,223,24.00635106598219,road-road
138,499,81.3908662578569,road-road
138,434,104.35329452447054,road-road
138,445,6.662903388892558,road-road
138,446,8.075891775768635,road-road
138,425,252.53443107967976,road-road
138,433,98.05230817537941,road-road
138,424,246.65695195478867,road-road
138,622,464.9624118672524,hospital-road
138,691,441.8068970927145,hospital-road
138,809,485.65445917299485,hospital-road
139,641,464.3529877891899,hospital-road
139,718,394.4958076313424,hospital-road
139,810,226.44460596574194,hospital-road
139,663,197.9417863457072,hospital-road
139,224,14.090543698574916,road-road
139,447,201.29319152048632,road-road
139,223,285.31114017657353,road-road
139,499,200.678822944825,road-road
139,434,380.6270412473109,road-road
139,445,288.1587811367561,road-road
139,446,284.87300104013565,road-road
139,433,378.5186259695036,road-road
139,258,447.01343348419425,road-road
139,257,445.232503064971,road-road
139,691,163.0645240765623,hospital-road
139,809,213.89416239483208,hospital-road
139,797,490.3437623028071,hospital-road
139,281,467.1595129493041,road-road
139,282,466.02096617706354,road-road
139,283,475.4975372230807,road-road
139,488,487.0565226692625,road-road
139,284,478.2866435439448,road-road
139,637,397.4739780447864,hospital-road
139,733,484.8155620351875,hospital-road
139,717,422.3877807374288,hospital-road
140,468,365.135330921964,road-road
140,553,386.2561004011662,power-road
140,461,460.6225830927439,road-road
140,460,459.363138040257,road-road
140,862,118.25144211244378,hospital-road
140,861,124.68980524766224,hospital-road
140,863,83.03624244648745,hospital-road
140,599,116.09211147152466,hospital-road
140,736,405.6430936765431,hospital-road
140,531,27.59236711266892,road-road
140,141,117.43643161444459,road-road
140,456,315.8876870388293,road-road
140,745,106.41787017924634,hospital-road
140,557,827.840794221281,power-road
140,455,314.4168196781942,road-road
140,453,325.2204975234575,road-road
140,454,329.7388843309466,road-road
141,468,463.21455759899203,road-road
141,553,502.69918973979344,power-road
141,862,223.76103633315776,hospital-road
141,861,240.66185363399552,hospital-road
141,863,189.1958637023069,hospital-road
141,599,233.14603550558485,hospital-road
141,736,493.9436933915923,hospital-road
141,531,92.67631227341754,road-road
141,456,203.67586465217641,road-road
141,745,79.74639110971329,hospital-road
141,557,827.4204845197057,power-road
141,455,206.13187647763732,road-road
141,453,216.83927115744342,road-road
141,454,217.76188339233087,road-road
141,343,400.0247180880365,road-road
141,225,409.916377675469,road-road
142,206,57.610422996635556,road-road
142,261,175.42293178655572,road-road
142,704,387.7466202589575,hospital-road
142,262,445.4531004101361,road-road
142,422,451.4486851950299,road-road
142,423,451.23466817359053,road-road
142,414,477.49409776685945,road-road
142,245,487.15381936420425,road-road
142,566,487.21952946305134,hospital-road
142,205,26.30615113754156,road-road
142,208,39.99992705336367,road-road
142,311,25.351781523759094,road-road
142,207,33.56325048564421,road-road
142,339,12.530576854150558,road-road
142,553,446.8129659762711,power-road
142,461,270.7514911022376,road-road
142,460,270.1700142792752,road-road
142,625,317.8834602312261,hospital-road
142,736,392.65564480234787,hospital-road
142,247,469.34041568880286,road-road
142,746,346.5293263184366,hospital-road
142,557,912.6181957529799,power-road
143,510,371.86027337665917,road-road
143,509,367.09994862386594,road-road
143,452,272.00392023836713,road-road
143,535,280.6605287674677,road-road
143,536,280.99047185668644,road-road
143,436,346.65920863718594,road-road
143,616,315.2898309684436,hospital-road
143,435,344.5558672934008,road-road
144,877,494.69622381631723,hospital-road
144,627,432.4089677751435,hospital-road
144,301,387.7638766849646,road-road
144,344,363.1271024089896,road-road
144,759,408.87087694853903,hospital-road
144,749,123.11064335256324,hospital-road
144,406,21.764154141597043,road-road
144,405,195.42204103404367,road-road
144,404,183.5657381335915,road-road
144,145,325.9298966438592,road-road
144,403,162.95938580329323,road-road
144,758,232.49105785414608,hospital-road
144,617,335.3731888750401,hospital-road
145,749,292.99928528038237,hospital-road
145,406,312.5374261447732,road-road
145,405,130.80293565648182,road-road
145,404,169.47600702667827,road-road
145,403,185.2436174651953,road-road
145,758,416.1802301653146,hospital-road
145,617,231.91208205533732,hospital-road
145,473,331.1434154271245,road-road
145,871,323.96054368055115,hospital-road
145,606,408.85528455752217,hospital-road
145,210,306.5541911685981,road-road
145,310,222.17196343008027,road-road
145,309,236.92997166957838,road-road
146,486,313.01141122058334,road-road
146,251,300.79334261337607,road-road
146,228,4.822763300619684,road-road
146,485,311.6427317949368,road-road
146,484,298.0895912398672,road-road
146,229,18.411518178139918,road-road
146,692,174.86370160312654,hospital-road
146,250,14.25929485234449,road-road
146,607,295.99467988964955,hospital-road
146,240,269.5084942272126,road-road
146,431,235.99858689224197,road-road
146,557,545.2757696951678,power-road
146,264,446.10355085066163,road-road
146,834,259.40962555165436,hospital-road
146,231,243.12438699555855,road-road
146,265,473.51276243247514,road-road
146,230,254.98847799008013,road-road
146,246,464.9156393327845,road-road
146,291,481.0408934398084,road-road
146,232,213.68352832129574,road-road
146,432,233.21534664768953,road-road
146,148,240.35759788991967,road-road
146,233,209.98201495485867,road-road
146,234,259.1408457199397,road-road
146,147,232.00047585572065,road-road
146,235,239.25297643999374,road-road
146,237,232.78822313415645,road-road
146,236,258.3047344918574,road-road
146,238,239.74278900283485,road-road
146,226,488.56260320238493,road-road
146,358,266.9815818042348,road-road
146,239,283.46444482335403,road-road
147,228,234.55504587184424,road-road
147,229,234.8947471767437,road-road
147,692,404.3077037979436,hospital-road
147,250,236.22443504151306,road-road
147,240,147.22707363747836,road-road
147,431,39.1067057614384,road-road
147,611,424.95478308111916,hospital-road
147,557,647.2739192858959,power-road
147,834,148.20700020573224,hospital-road
147,231,41.65397274143809,road-road
147,230,91.87944377572842,road-road
147,232,29.93095593982461,road-road
147,432,23.021533547657285,road-road
147,148,24.33703000301529,road-road
147,233,22.02644853105663,road-road
147,234,33.94831306837839,road-road
147,235,7.253091697992657,road-road
147,237,20.7903295069731,road-road
147,236,26.311651965051073,road-road
147,238,18.83153729868486,road-road
147,226,256.9598401030955,road-road
147,358,127.02160669750502,road-road
147,239,145.16744581956894,road-road
147,728,282.1326716448792,hospital-road
147,646,276.52862690949416,hospital-road
148,228,242.50545400703479,road-road
148,229,241.46425722765377,road-road
148,692,409.9401452785909,hospital-road
148,250,243.2414633921454,road-road
148,240,170.86219859217152,road-road
148,431,17.139932654414782,road-road
148,611,400.62018914102464,hospital-road
148,557,632.9374633386367,power-road
148,834,126.44028321923447,hospital-road
148,231,17.71227929773051,road-road
148,230,68.46203610378336,road-road
148,232,26.761448033469296,road-road
148,432,7.158598788679018,road-road
148,233,37.71114113221201,road-road
148,234,19.089055508058735,road-road
148,235,23.14390588754085,road-road
148,237,44.64095565638631,road-road
148,236,29.556716359852093,road-road
148,238,40.676990009042036,road-road
148,226,248.903408123671,road-road
148,358,150.29164808225434,road-road
148,239,167.98958911600295,road-road
148,728,276.42944766450773,hospital-road
148,646,271.6465456501085,hospital-road
149,310,377.65258928971133,road-road
149,309,369.54106696551725,road-road
149,151,11.847572099492334,road-road
149,306,108.44407586581862,road-road
149,388,82.62603458861156,road-road
149,150,108.74611198642276,road-road
149,555,869.1507165563849,power-road
150,310,482.65264689014407,road-road
150,309,471.7983557499732,road-road
150,151,109.49747311456893,road-road
150,306,17.24353690352332,road-road
150,388,26.18145512712177,road-road
150,516,485.2707922888834,road-road
150,515,487.46767981396613,road-road
150,555,842.3752648670935,power-road
151,310,374.23609395031,road-road
151,309,365.0531293725051,road-road
151,306,111.04228103479116,road-road
151,388,83.35684200518195,road-road
151,555,857.9092396800095,power-road
152,830,376.68522076422687,hospital-road
152,846,304.1909919814683,hospital-road
152,597,380.21003832373543,hospital-road
152,329,334.39845703326193,road-road
152,878,417.4429269258686,hospital-road
152,669,100.76282590335983,hospital-road
152,831,72.90740463182159,hospital-road
152,737,43.67213178910453,hospital-road
152,371,223.87574227037385,road-road
152,293,232.84232648548843,road-road
152,386,210.5360961876589,road-road
152,153,226.97453761468375,road-road
152,369,19.52432008798214,road-road
152,372,12.666842300736285,road-road
152,370,23.50073569247041,road-road
152,296,322.1985191731462,road-road
152,387,255.16327779195157,road-road
152,154,278.15730872225964,road-road
152,155,371.1381176084399,road-road
152,330,345.516806761187,road-road
153,830,492.5061239541668,hospital-road
153,846,496.60106953825596,hospital-road
153,597,495.00254695237373,hospital-road
153,329,443.92572544870956,road-road
153,669,247.04086006428525,hospital-road
153,292,449.06393509970616,road-road
153,831,166.23322298404878,hospital-road
153,737,200.46222593515108,hospital-road
153,371,11.261727668103164,road-road
153,293,12.758541197107476,road-road
153,386,19.3018777692334,road-road
153,369,246.30420223245585,road-road
153,372,224.9575600664369,road-road
153,370,245.09189904157583,road-road
153,296,212.66647716326293,road-road
153,623,457.7941525939103,hospital-road
153,387,110.13243491272944,road-road
153,154,348.65064359493533,road-road
153,155,298.8817547787578,road-road
153,330,451.5081235261731,road-road
154,720,322.2932386206102,hospital-road
154,846,253.14580140965293,hospital-road
154,329,102.56648597020626,road-road
154,878,167.46309291058867,hospital-road
154,669,378.7278090102085,hospital-road
154,831,315.7071472875414,hospital-road
154,737,310.46686795463773,hospital-road
154,371,355.3009477661148,road-road
154,293,361.17278793428204,road-road
154,386,346.86192070017904,road-road
154,369,277.1019674325596,road-road
154,372,265.6014481649068,road-road
154,370,264.3086047778456,road-road
154,296,235.702929614123,road-road
154,387,271.8553840984213,road-road
154,155,205.07536606055166,road-road
154,330,107.19962312577904,road-road
154,170,391.57297734682476,road-road
154,350,402.8594813745485,road-road
154,349,388.99743997160994,road-road
155,720,482.37541573905986,hospital-road
155,846,456.10100142918753,hospital-road
155,329,295.69725961379044,road-road
155,878,328.06609491740653,hospital-road
155,669,455.5054611843526,hospital-road
155,831,367.7641955635815,hospital-road
155,737,382.40793632036923,hospital-road
155,371,309.5728290623849,road-road
155,293,310.5232944439717,road-road
155,386,308.7004270912099,road-road
155,369,380.6779128832629,road-road
155,372,359.75989027065185,road-road
155,370,369.8168739118593,road-road
155,296,89.55610952612278,road-road
155,623,472.474506185689,hospital-road
155,387,188.98601480385352,road-road
155,713,495.1869760276124,hospital-road
155,330,295.33027715307134,road-road
155,170,282.1929258971266,road-road
155,350,296.921928163963,road-road
155,349,293.5933093741565,road-road
155,672,490.8280753447461,hospital-road
156,262,430.0258915745098,road-road
156,422,424.66635548706,road-road
156,636,406.5056900224156,hospital-road
156,423,424.2438121261547,road-road
156,538,486.6552998014626,road-road
156,539,470.88399653365315,road-road
156,411,469.14889398317104,road-road
156,630,277.89371923607723,hospital-road
156,414,484.56313358457646,road-road
156,245,480.60821272609735,road-road
156,487,393.53253124340034,road-road
156,268,375.30141748601534,road-road
156,686,298.91292206391034,hospital-road
156,742,367.32417508314825,hospital-road
156,266,364.9272455590185,road-road
156,227,461.9088049647759,road-road
156,263,184.75333982740264,road-road
156,267,480.6340084804665,road-road
156,478,186.69158299791926,road-road
156,557,474.1378664070225,power-road
158,340,476.3518014614234,road-road
158,647,448.9670724811534,hospital-road
158,448,307.79050265226266,road-road
158,879,351.9715262968792,hospital-road
158,687,437.97490666949244,hospital-road
158,318,180.44747174424586,road-road
158,546,274.61851997976396,road-road
158,438,147.50824962283983,road-road
158,168,14.195063373951303,road-road
158,429,52.44055389798238,road-road
158,430,166.78677094185963,road-road
158,341,19.8422898934014,road-road
158,159,159.0067514742631,road-road
158,342,44.7648869620238,road-road
158,855,313.776027478419,hospital-road
158,548,147.81956655704064,power-road
158,518,189.61033961464744,road-road
158,517,189.80003538159198,road-road
158,838,350.3735273821909,hospital-road
158,601,376.2550847753079,hospital-road
159,647,292.7520204369875,hospital-road
159,448,148.89566356069912,road-road
159,879,212.7332010241452,hospital-road
159,492,498.6647651889337,road-road
159,491,497.39468576437923,road-road
159,687,289.7173881703828,hospital-road
159,727,494.0731614005672,hospital-road
159,318,24.12762604129699,road-road
159,546,324.5730800170645,road-road
159,438,16.232073841604148,road-road
159,168,144.8221857581742,road-road
159,429,108.1167467099154,road-road
159,430,11.413463823912634,road-road
159,341,145.3422218759689,road-road
159,342,150.06551317269881,road-road
159,855,460.4355947030507,hospital-road
159,548,178.65641132130528,power-road
159,518,247.99731722873818,road-road
159,517,241.24551654235754,road-road
159,838,361.9172535905118,hospital-road
159,601,382.16810274694427,hospital-road
160,545,353.4761790260231,road-road
160,543,331.0205387697901,road-road
160,544,354.05282134814627,road-road
160,542,331.1236663574569,road-road
160,393,317.89204619869724,road-road
160,550,325.5074191683299,power-road
160,392,312.21929552646793,road-road
160,494,23.898614382627343,road-road
160,493,163.78035594441639,road-road
160,328,246.0137760480983,road-road
160,495,10.492487225047956,road-road
160,441,17.51545634512661,road-road
160,508,19.962294065373772,road-road
160,507,21.78231558437218,road-road
160,165,12.159478579081025,road-road
160,221,26.084616766952717,road-road
160,352,58.402819243893944,road-road
160,496,35.05422939882074,road-road
160,556,676.8625320205219,power-road
160,399,470.31818314788615,road-road
160,716,474.78738182541565,hospital-road
160,359,468.56393677892277,road-road
160,360,479.817995643974,road-road
160,367,481.7694164575568,road-road
160,426,477.77333507810397,road-road
160,688,463.8813775547645,hospital-road
160,304,456.48736614262845,road-road
160,462,465.1049372920837,road-road
161,857,241.7264119588001,hospital-road
161,163,133.8538108264861,road-road
161,162,135.80705782819342,road-road
161,766,435.2523166062313,hospital-road
161,575,313.53415355880287,hospital-road
161,615,361.5773209356777,hospital-road
161,665,383.9444507991788,hospital-road
161,613,473.6759190429634,hospital-road
161,659,362.55389094964454,hospital-road
162,857,374.3334272883236,hospital-road
162,163,9.55974917624272,road-road
162,766,497.0861798141527,hospital-road
162,575,414.37872326876527,hospital-road
162,615,442.2081966703162,hospital-road
162,665,362.8541503887017,hospital-road
162,613,397.2779084942801,hospital-road
162,659,455.42866390774026,hospital-road
163,857,370.58722928663195,hospital-road
163,575,417.9824780684117,hospital-road
163,615,447.3963113301281,hospital-road
163,665,372.0820268661227,hospital-road
163,613,406.60928122640473,hospital-road
163,659,459.7705545878276,hospital-road
164,682,321.4839552234679,hospital-road
164,569,425.71032869344975,hospital-road
164,547,282.5669434719295,power-road
164,402,116.02769821713582,road-road
164,401,106.02042988250058,road-road
164,409,353.2105257148411,road-road
164,400,98.26262000528682,road-road
164,410,352.42260919112994,road-road
164,337,430.9448512527737,road-road
164,336,355.5313404540114,road-road
164,169,174.6683690532689,road-road
164,741,34.96002150132085,hospital-road
164,875,163.77874960377073,hospital-road
164,671,374.6908191946366,hospital-road
164,790,266.1940886006905,hospital-road
164,674,488.63129817716856,hospital-road
164,619,350.86575006624196,hospital-road
164,791,281.3418367875027,hospital-road
165,545,365.63198822526135,road-road
165,543,343.17955849169005,road-road
165,544,366.2120342906078,road-road
165,542,343.27943627529555,road-road
165,393,330.03376581552305,road-road
165,550,336.5145807312947,power-road
165,392,324.37505518121833,road-road
165,494,35.08276595738626,road-road
165,493,175.93979309955148,road-road
165,328,252.98834101615816,road-road
165,495,22.644539433344562,road-road
165,441,12.013777534439967,road-road
165,508,24.24532118431302,road-road
165,507,29.41113529925687,road-road
165,221,23.90483207079907,road-road
165,352,46.24467206375314,road-road
165,496,24.02422274833167,road-road
165,556,688.2296857777611,power-road
165,399,473.47705976508405,road-road
165,716,465.3161211546371,hospital-road
165,359,472.0216568535736,road-road
165,360,483.29837120922633,road-road
165,367,484.95779026105686,road-road
165,426,484.6993517974415,road-road
165,688,462.6522269258094,hospital-road
165,304,459.9161309806795,road-road
165,462,469.1464931104526,road-road
166,550,754.47123042566,power-road
166,807,468.51381299437753,hospital-road
166,556,341.0298086663413,power-road
166,312,199.95826151540183,road-road
166,764,427.6717505503816,hospital-road
166,792,212.59280097800684,hospital-road
166,804,399.88442917996997,hospital-road
166,801,498.58353911020157,hospital-road
166,167,191.05763933611357,road-road
166,399,441.71946250172186,road-road
166,359,432.2977008191301,road-road
166,360,425.51439730710524,road-road
166,367,434.9919450479115,road-road
166,426,326.2741423059544,road-road
166,304,439.89666535650235,road-road
166,462,414.8074006009229,road-road
166,876,68.89408308030312,hospital-road
166,363,360.139329434609,road-road
166,778,183.51263354018175,hospital-road
166,808,206.4457881979317,hospital-road
166,313,190.38275150544254,road-road
166,633,367.4253644046404,hospital-road
166,775,360.345165205434,hospital-road
166,174,398.0188313036095,road-road
166,789,364.5094951743644,hospital-road
167,550,945.469278076906,power-road
167,776,468.5734442857788,hospital-road
167,807,402.4461753062608,hospital-road
167,556,508.089816974231,power-road
167,312,39.16532869423056,road-road
167,792,383.6503353031895,hospital-road
167,801,326.0603795800421,hospital-road
167,426,493.17259824056697,road-road
167,876,242.49373721219044,hospital-road
167,363,411.3408095545716,road-road
167,778,207.30395177582795,hospital-road
167,808,177.32645129097133,hospital-road
167,313,38.77251658443951,road-road
167,633,289.5526814344864,hospital-road
167,775,280.1339343132118,hospital-road
167,174,365.64151480562236,road-road
167,789,283.0340661791065,hospital-road
167,772,427.292027775442,hospital-road
168,340,476.4089395231338,road-road
168,647,434.86780440189153,hospital-road
168,448,293.6247688036031,road-road
168,879,338.642671255292,hospital-road
168,687,424.2751356918958,hospital-road
168,318,166.2587228695165,road-road
168,546,275.21974350210735,road-road
168,438,133.32459785957718,road-road
168,429,38.78502903574716,road-road
168,430,152.65171973161816,road-road
168,341,14.261393461189575,road-road
168,342,42.70860542078279,road-road
168,855,326.6244946870094,hospital-road
168,548,144.3620314084578,power-road
168,518,190.7222485042354,road-road
168,517,190.12040837133677,road-road
168,838,349.00113328205,hospital-road
168,601,374.5662825780997,hospital-road
169,724,469.5095869376997,hospital-road
169,682,271.9821300502561,hospital-road
169,569,265.82520077873187,hospital-road
169,547,123.47544636925393,power-road
169,402,290.693667171864,road-road
169,401,279.6945997933508,road-road
169,400,272.7003901558239,road-road
169,337,256.31074235336035,road-road
169,336,180.96692490779486,road-road
169,741,150.3838900851333,hospital-road
169,875,220.11998121820903,hospital-road
169,671,216.68622073477886,hospital-road
169,790,345.49683529863506,hospital-road
169,619,458.3072511563953,hospital-road
169,791,302.76016052517167,hospital-road
169,800,361.6196354887432,hospital-road
170,720,494.55353341370727,hospital-road
170,681,451.29222016230204,hospital-road
170,329,425.0393671328297,road-road
170,878,396.07282699316556,hospital-road
170,296,365.6045111920535,road-road
170,387,468.2663266050327,road-road
170,713,491.8667316853115,hospital-road
170,330,416.8179149479681,road-road
170,350,15.03094872211435,road-road
170,743,264.241634807273,hospital-road
170,571,469.92284579156785,hospital-road
170,349,26.76535810325025,road-road
170,621,424.54112210518946,hospital-road
170,672,221.13457998046215,hospital-road
170,657,434.2436577995193,hospital-road
170,835,451.1381938935085,hospital-road
171,350,491.9668197551479,road-road
171,743,250.09074780950624,hospital-road
171,349,492.04331313023863,road-road
171,672,360.3156425757891,hospital-road
171,657,285.07984615175985,hospital-road
171,345,371.79188123212634,road-road
171,835,275.1884896478801,hospital-road
171,684,22.87787238708564,hospital-road
171,172,264.80196873103023,road-road
171,377,271.7162893567447,road-road
171,379,273.5589350893054,road-road
171,378,274.93259513484156,road-road
172,657,478.81861703426677,hospital-road
172,345,474.60129102478834,road-road
172,835,461.53918280040597,hospital-road
172,684,250.81865298339193,hospital-road
172,377,16.838768584005606,road-road
172,379,23.084312055021893,road-road
172,378,10.130647675504934,road-road
172,628,335.9666735230941,hospital-road
172,685,404.33907293879565,hospital-road
173,214,297.4563795210218,road-road
173,183,304.5634873202007,road-road
173,213,250.92057930622997,road-road
173,481,323.898256049012,road-road
173,532,209.9334640658824,road-road
173,307,362.91873693458587,road-road
173,308,308.3437012568862,road-road
173,196,96.02441074111998,road-road
173,545,223.03114445382616,road-road
173,298,13.735821506537857,road-road
173,543,245.4681215494024,road-road
173,544,222.4250274176983,road-road
173,542,245.3664351781216,road-road
173,393,259.26581366873495,road-road
173,550,317.93793132392136,power-road
173,392,264.2574446972134,road-road
173,493,412.6100419461839,road-road
173,328,486.49997881174454,road-road
173,212,154.1039532042485,road-road
173,556,244.09913852003027,power-road
173,764,141.310466851132,hospital-road
173,792,362.5745135620549,hospital-road
173,804,179.52431809684924,hospital-road
173,426,497.8158234577173,road-road
174,550,992.3239676447884,power-road
174,556,713.6776537441023,power-road
174,312,327.48286848248404,road-road
174,399,420.5164043069327,road-road
174,359,421.4325235927463,road-road
174,360,410.1446800217162,road-road
174,367,408.98961944519726,road-road
174,426,455.68354804387155,road-road
174,688,499.91122818120897,hospital-road
174,304,433.5552489223355,road-road
174,462,425.14778701227294,road-road
174,876,374.8000210342855,hospital-road
174,363,168.13532714557596,road-road
174,778,214.5493284152796,hospital-road
174,808,202.98893200415606,hospital-road
174,313,326.8951484624692,road-road
174,813,200.6273229815691,hospital-road
174,633,103.7665689019961,hospital-road
174,775,111.44077807859614,hospital-road
174,789,111.92046338200207,hospital-road
174,772,287.4043882333523,hospital-road
175,176,13.976406962439297,road-road
175,649,452.9492421500662,hospital-road
175,472,178.2525443464726,road-road
175,397,492.12823659413857,road-road
175,272,31.148895631406656,road-road
175,585,473.60143915567147,hospital-road
175,398,493.7493486672133,road-road
176,649,439.46424176072446,hospital-road
176,472,164.55412166958374,road-road
176,397,478.5126097260174,road-road
176,272,22.90447189456516,road-road
176,585,460.07083681622794,hospital-road
176,398,480.0029580076945,road-road
178,373,326.82544246629027,road-road
178,649,230.05664132758432,hospital-road
178,472,493.28007015026486,road-road
178,397,187.1388534228413,road-road
178,374,141.62139809539462,road-road
178,585,208.79776376929803,hospital-road
178,712,98.8765611440063,hospital-road
178,552,436.82846367707697,power-road
178,398,179.63146541568952,road-road
178,375,93.18802550162435,road-road
178,639,91.66326388649213,hospital-road
178,220,494.3665862525395,road-road
178,303,493.1990261411845,road-road
178,874,98.17975789052024,hospital-road
178,584,134.3519996935509,hospital-road
178,376,465.4358629836055,road-road
178,833,272.1714478234487,hospital-road
178,471,495.4519608725714,road-road
178,678,458.4342726068126,hospital-road
178,603,478.4962773211641,hospital-road
179,840,25.9527510693604,hospital-road
179,180,11.488950226114518,road-road
179,302,384.83745988706687,road-road
180,840,18.95086883126448,hospital-road
180,302,383.9227552240466,road-road
181,549,638.9519188008729,power-road
181,300,10.781451603106177,road-road
181,219,14.002028744449252,road-road
181,526,10.571669173557346,road-road
181,479,13.957868454108308,road-road
181,218,10.097635658392687,road-road
181,550,903.3488862881702,power-road
183,525,311.64900567132,road-road
183,524,303.3213308673608,road-road
183,511,239.53709702829332,road-road
183,214,37.959918879218264,road-road
183,213,53.670174426996326,road-road
183,481,23.65016804588154,road-road
183,532,95.62810357126406,road-road
183,307,58.38721057398972,road-road
183,351,249.402322399251,road-road
183,308,47.643349987020166,road-road
183,196,209.93071592254768,road-road
183,298,294.6579610483479,road-road
183,550,582.7515847469783,power-road
183,212,152.3038756422823,road-road
183,556,393.01023084335156,power-road
183,764,359.39315137486915,hospital-road
183,804,353.98204825863417,hospital-road
184,327,291.5289232952741,road-road
184,326,292.8843432261238,road-road
184,631,207.38532924622257,hospital-road
184,418,27.142173705993027,road-road
184,315,222.51426995552444,road-road
184,316,241.06035596147902,road-road
184,368,277.6426163482965,road-road
184,683,93.65425760104226,hospital-road
184,317,357.9463502223173,road-road
184,290,301.9728049131477,road-road
187,259,434.15542798915806,road-road
187,655,231.39630357259824,hospital-road
187,661,61.48464102729971,hospital-road
187,796,445.16777563441343,hospital-road
187,709,457.2561919757951,hospital-road
187,788,98.91705210225625,hospital-road
187,652,119.42503131013359,hospital-road
187,853,297.6116572513913,hospital-road
187,747,47.82268728811373,hospital-road
187,578,68.28266357564141,hospital-road
187,854,63.62235926311197,hospital-road
187,802,460.80047802499473,hospital-road
187,188,10.506080927350906,road-road
187,848,45.275283113719986,hospital-road
187,365,17.326791379692672,road-road
187,222,240.38127552253408,road-road
188,259,442.95157954073153,road-road
188,655,241.84440084840656,hospital-road
188,661,64.10330344019408,hospital-road
188,796,452.23147916316253,hospital-road
188,709,464.92665045215637,hospital-road
188,788,95.41478434185723,hospital-road
188,652,118.15944392789841,hospital-road
188,853,306.00902478810195,hospital-road
188,747,57.273076920928325,hospital-road
188,578,76.91899513315053,hospital-road
188,854,61.66505417039607,hospital-road
188,802,457.65322676276486,hospital-road
188,848,41.64919701870665,hospital-road
188,365,17.961405339480315,road-road
188,222,230.06024228508014,road-road
189,832,484.1951380888237,hospital-road
189,624,398.489014945588,hospital-road
189,719,403.9805250261407,hospital-road
189,826,357.6964593496388,hospital-road
189,380,15.069915556906738,road-road
189,382,7.299445721995176,road-road
189,558,304.1141627046245,hospital-road
189,720,386.83893447623745,hospital-road
189,846,412.56925279884985,hospital-road
189,190,32.91670823299451,road-road
189,626,452.2218633140578,hospital-road
190,832,456.3941641561739,hospital-road
190,624,368.797556202353,hospital-road
190,719,374.367805575453,hospital-road
190,826,325.5367484488821,hospital-road
190,380,28.420229735303323,road-road
190,382,25.617264876588344,road-road
190,558,310.2673084511806,hospital-road
190,720,417.64111548264606,hospital-road
190,846,443.35147448750087,hospital-road
190,626,448.4778595720037,hospital-road
191,658,254.01649053418066,hospital-road
191,845,262.9650809356826,hospital-road
191,802,327.99741786243396,hospital-road
191,482,161.03968160840068,road-road
191,192,10.248007172042808,road-road
191,483,161.07129055277963,road-road
191,780,167.55043242818758,hospital-road
191,540,363.40074567920436,road-road
191,193,223.7567587090755,road-road
191,490,367.63613470152535,road-road
191,489,345.1135902484243,road-road
191,215,424.46432516349324,road-road
191,811,384.7510867853696,hospital-road
191,641,435.64953826366735,hospital-road
191,258,444.32929021854414,road-road
191,257,434.2303304834531,road-road
192,658,262.9691419385994,hospital-road
192,845,269.0299513133423,hospital-road
192,802,337.38985526203595,hospital-road
192,482,153.26915602252197,road-road
192,483,153.88375523240887,road-road
192,780,159.067685256761,hospital-road
192,540,355.2924564765589,road-road
192,193,216.49382259422703,road-road
192,490,358.4849966277942,road-road
192,489,337.49130077715523,road-road
192,215,418.67202799186555,road-road
192,811,376.0870743863171,hospital-road
192,641,437.3436528737682,hospital-road
192,258,438.21608397927827,road-road
192,257,428.38540147420815,road-road
193,658,474.0945293223225,hospital-road
193,845,484.62583883755997,hospital-road
193,482,64.4253136800295,road-road
193,483,62.68946369115028,road-road
193,780,66.98698618103121,hospital-road
193,540,143.6017678859262,road-road
193,490,168.39214104867077,road-road
193,489,121.99145802055966,road-road
193,215,209.33398740229038,road-road
193,811,172.40088451006793,hospital-road
193,781,379.5966436765902,hospital-road
193,338,467.50489615705254,road-road
193,260,464.95327973934917,road-road
193,777,470.5312908883815,hospital-road
194,664,405.7061555724525,hospital-road
194,700,315.64681117832674,hospital-road
194,722,374.3810890475198,hospital-road
194,618,286.41700829603775,hospital-road
194,277,274.42123143608825,road-road
194,668,425.8082787093701,hospital-road
194,278,287.97866286705937,road-road
194,654,89.65571829123274,hospital-road
194,195,92.50874351493813,road-road
195,613,456.7781631687607,hospital-road
195,679,482.55205227055,hospital-road
195,664,322.3037657900896,hospital-road
195,700,234.95599266370544,hospital-road
195,722,342.95801082860675,hospital-road
195,618,375.4409002640231,hospital-road
195,277,327.7376318662731,road-road
195,278,337.82257103366885,road-road
195,654,51.43012949300697,hospital-road
196,511,444.8864725896329,road-road
196,214,206.32961192863098,road-road
196,213,156.30595674411802,road-road
196,481,228.52597544294804,road-road
196,532,114.57224353794038,road-road
196,307,268.2996229341206,road-road
196,351,455.38086100238576,road-road
196,308,218.3141868554878,road-road
196,545,318.81736716125886,road-road
196,298,85.11577753385326,road-road
196,543,340.87440570847184,road-road
196,544,317.8421034214628,road-road
196,542,341.12362677585634,road-road
196,393,355.19029776419944,road-road
196,550,401.82294730695963,power-road
196,392,359.9915859136065,road-road
196,212,58.21065267175602,road-road
196,556,250.73255794286968,power-road
196,764,174.8427230542449,hospital-road
196,792,378.7614633063912,hospital-road
196,804,191.5595548137318,hospital-road
197,209,184.40996442336444,road-road
197,723,219.83214905264992,hospital-road
197,566,222.46978601888532,hospital-road
197,468,378.8289388035819,road-road
197,553,426.98636828038434,power-road
197,466,470.339691103492,road-road
197,314,480.54396772151125,road-road
197,595,240.98352031109587,hospital-road
197,480,283.60395328821903,road-road
197,279,281.18887013482265,road-road
205,206,67.60760159819644,road-road
205,261,201.63282494829997,road-road
205,704,413.6873236637988,hospital-road
205,262,471.5154846003188,road-road
205,422,477.60232930203586,road-road
205,423,477.29626146109405,road-road
205,414,499.7108409913304,road-road
205,566,463.5926238916416,hospital-road
205,208,18.085633773156015,road-road
205,311,50.85281375171738,road-road
205,207,36.14317114463863,road-road
205,339,31.108117337602803,road-road
205,553,432.178291633057,power-road
205,461,265.4012172428353,road-road
205,460,266.2926435961358,road-road
205,625,340.37697294273136,hospital-road
205,736,400.6884811507641,hospital-road
205,247,490.94309121415466,road-road
205,746,367.34324498946813,hospital-road
205,557,933.1563792471957,power-road
206,436,499.4859546842682,road-road
206,261,179.42948647223272,road-road
206,704,371.4888522049989,hospital-road
206,262,446.5529282863289,road-road
206,422,450.81075518094747,road-road
206,423,452.29708756170186,road-road
206,208,85.64927316966612,road-road
206,311,49.612336949837854,road-road
206,207,91.04884529948875,road-road
206,339,45.08002649229737,road-road
206,553,499.78073010350505,power-road
206,461,328.2557214720484,road-road
206,460,327.7778110596246,road-road
206,625,343.4670650828943,hospital-road
206,736,444.91488975887415,hospital-road
206,247,496.4903440562416,road-road
206,746,377.32242052983435,hospital-road
206,557,941.505526985701,power-road
207,261,185.11666257634087,road-road
207,704,403.9616592115436,hospital-road
207,262,451.8230081371897,road-road
207,422,458.76002635037264,road-road
207,423,457.58336950150317,road-road
207,414,469.1517652166656,road-road
207,245,478.5854594662412,road-road
207,566,465.3136635040456,hospital-road
207,208,32.850173525209875,road-road
207,311,52.879628645931035,road-road
207,339,46.0353306927287,road-road
207,553,415.0917462780602,power-road
207,461,237.22145144281606,road-road
207,460,236.79056802614812,road-road
207,625,310.55606589724783,hospital-road
207,736,364.90422201516816,hospital-road
207,247,459.6010458119122,road-road
207,746,335.3187567245255,hospital-road
207,557,900.4047152120816,power-road
208,261,212.03928379220605,road-road
208,704,427.06707625407404,hospital-road
208,262,480.82379309718834,road-road
208,422,487.3287620426825,road-road
208,423,486.59751300249417,road-road
208,723,488.66170333866364,hospital-road
208,566,447.3486698735594,hospital-road
208,311,65.35047406734407,road-road
208,339,47.73498690510396,road-road
208,553,414.1721274918117,power-road
208,461,249.6816155718936,road-road
208,460,251.1272046887008,road-road
208,625,343.22472599160966,hospital-road
208,736,391.1880791331382,hospital-road
208,247,492.4459300664013,road-road
208,746,368.16532108021687,hospital-road
208,557,933.161170591082,power-road
209,723,112.33156445434474,hospital-road
209,566,172.32313604231862,hospital-road
209,468,194.5317125526962,road-road
209,553,272.28554008294435,power-road
209,461,471.57222301757025,road-road
209,460,485.7298659893816,road-road
209,862,439.73634563044885,hospital-road
209,861,444.986595950746,hospital-road
209,863,475.165526523513,hospital-road
209,599,458.9772854679743,hospital-road
209,466,459.13247855817747,road-road
209,314,464.0511629524117,road-road
209,595,198.89041029088563,hospital-road
209,480,242.3657599998134,road-road
209,279,234.08948460421738,road-road
210,749,477.75190783317936,hospital-road
210,405,396.0330975145222,road-road
210,404,384.94235559952034,road-road
210,403,405.37923737487176,road-road
210,617,261.6271144299558,hospital-road
210,473,29.726438142734334,road-road
210,871,27.454027990354287,hospital-road
210,606,103.8211137469113,hospital-road
210,763,464.54985051365736,hospital-road
210,310,328.77010669604647,road-road
210,309,304.04086032733625,road-road
210,555,802.269799578816,power-road
212,525,461.0948480360149,road-road
212,524,453.4208622844783,road-road
212,511,389.1536187993292,road-road
212,214,151.7540014763022,road-road
212,213,98.90834370225426,road-road
212,481,170.428550183393,road-road
212,532,56.68726092204564,road-road
212,307,210.57459680827367,road-road
212,351,399.4714452087137,road-road
212,308,164.58741712586342,road-road
212,545,376.51840199885993,road-road
212,298,143.32551076982776,road-road
212,543,398.26903593692685,road-road
212,544,375.264726234911,road-road
212,542,398.78785492361385,road-road
212,393,413.01648013089135,road-road
212,550,452.95830911186937,power-road
212,392,417.626523124529,road-road
212,556,276.0480293978972,power-road
212,764,217.5483085003563,hospital-road
212,792,404.0420867106081,hospital-road
212,804,223.8513410419635,hospital-road
213,525,363.0156334091701,road-road
213,524,355.0804374063072,road-road
213,511,290.9461264644107,road-road
213,214,58.550606289162566,road-road
213,481,73.74327991195652,road-road
213,532,42.46046482266688,road-road
213,307,112.05666250489453,road-road
213,351,301.10619566215513,road-road
213,308,72.8464513211381,road-road
213,545,471.11541609131984,road-road
213,298,240.98805007814644,road-road
213,543,491.9090302691396,road-road
213,544,469.06540536560794,road-road
213,542,493.2041778884173,road-road
213,550,533.645334095175,power-road
213,556,351.46695531412564,power-road
213,764,309.90290129134047,hospital-road
213,792,475.4947322359326,hospital-road
213,804,308.04624323202887,hospital-road
214,525,310.28039933955404,road-road
214,524,303.0749409202157,road-road
214,511,238.7198140397361,road-road
214,481,58.22894127029197,road-road
214,532,98.20387519663423,road-road
214,307,76.09656029009508,road-road
214,351,249.33308203993866,road-road
214,308,14.409357943382625,road-road
214,298,288.82856761120485,road-road
214,550,561.6292090015423,power-road
214,556,409.96036097417726,power-road
214,764,366.8537913878654,hospital-road
214,804,366.36156004791496,hospital-road
215,482,272.72662033959904,road-road
215,483,268.00214469594397,road-road
215,780,276.1257545847394,hospital-road
215,540,136.03771244803752,road-road
215,490,203.38284753215953,road-road
215,489,120.64705986695716,road-road
215,811,166.88993957082647,hospital-road
215,781,421.9876180182947,hospital-road
216,323,452.0259123340866,road-road
216,357,8.624092933902517,road-road
216,576,335.3175754420079,hospital-road
216,217,27.090012096365204,road-road
216,322,452.9246163358331,road-road
216,356,26.152964093788604,road-road
216,694,346.9846906555441,hospital-road
217,323,456.87355802083516,road-road
217,357,25.0066265731742,road-road
217,576,361.4427429716626,hospital-road
217,322,456.89276916332,road-road
217,356,8.951544038610619,road-road
217,694,321.50022216054606,hospital-road
218,549,629.0260652434446,power-road
218,300,13.925499739837232,road-road
218,219,9.388757855142403,road-road
218,526,0.7058300676167779,road-road
218,479,10.577402786178292,road-road
218,550,907.7134255738977,power-road
219,549,627.0666219599767,power-road
219,300,9.285423007494211,road-road
219,526,8.850774690013155,road-road
219,479,1.6893179928415003,road-road
219,550,916.291815220764,power-road
220,552,525.3249924703417,power-road
220,639,405.41326633798144,hospital-road
220,303,13.942339802767984,road-road
220,874,396.2986235456686,hospital-road
220,584,361.81145917416563,hospital-road
220,376,28.931359956604712,road-road
220,833,411.56728657873043,hospital-road
220,471,12.036032063558357,road-road
220,678,52.16837333297952,hospital-road
220,603,93.47054831379997,hospital-road
220,572,412.15823300260496,hospital-road
221,545,364.2361146440388,road-road
221,543,342.61619822887803,road-road
221,544,365.5476597079562,road-road
221,542,341.9320441800662,road-road
221,393,328.0319697335572,road-road
221,550,345.75150957152704,power-road
221,392,323.0760343069405,road-road
221,494,33.99805762534156,road-road
221,493,176.02478556060532,road-road
221,328,271.74220488697824,road-road
221,495,31.40264275358015,road-road
221,441,35.91746472346659,road-road
221,508,12.890496534320754,road-road
221,507,21.02494553370317,road-road
221,352,53.80119210576749,road-road
221,496,42.370165754623905,road-road
221,556,678.6833600420638,power-road
221,399,450.1160065941987,road-road
221,716,451.86435071529917,hospital-road
221,359,448.8012181278609,road-road
221,360,460.08671435362515,road-road
221,367,461.60760073034373,road-road
221,426,464.4804542184399,road-road
221,688,439.05001143534776,hospital-road
221,304,436.68417117164506,road-road
221,462,446.25043809366537,road-road
222,655,466.78402512540805,hospital-road
222,661,247.29085504780232,hospital-road
222,788,240.44559951099626,hospital-road
222,652,270.46746765285144,hospital-road
222,747,286.24529987987034,hospital-road
222,578,302.9770529120921,hospital-road
222,854,243.35522287904277,hospital-road
222,845,466.7767225490426,hospital-road
222,802,491.0368281613504,hospital-road
222,848,216.1046330514209,hospital-road
222,365,233.72333015758488,road-road
222,641,373.0073196524043,hospital-road
222,718,290.3977909422449,hospital-road
222,810,466.80433531337576,hospital-road
223,849,450.4771560854056,hospital-road
223,850,401.00255494014897,hospital-road
223,718,244.11678367318726,hospital-road
223,810,369.4718540977163,hospital-road
223,663,459.41632584715074,hospital-road
223,224,277.1568805075631,road-road
223,447,84.06122036606986,road-road
223,499,89.21298351685961,road-road
223,434,95.48811956392721,road-road
223,445,22.697445369554142,road-road
223,446,31.313995836552582,road-road
223,425,246.3393543506901,road-road
223,433,93.99676457288035,road-road
223,424,242.10650055766172,road-road
223,622,479.6494299953491,hospital-road
223,691,443.02310938736224,hospital-road
223,809,484.7240863808573,hospital-road
224,641,476.0909211742538,hospital-road
224,718,395.10551865324715,hospital-road
224,810,238.14774654919432,hospital-road
224,663,211.47613784165497,hospital-road
224,447,193.10734462533233,road-road
224,499,191.2935757422335,road-road
224,434,372.61610946678854,road-road
224,445,279.1128842134187,road-road
224,446,275.490087326289,road-road
224,433,369.88368331741924,road-road
224,258,460.8867551673378,road-road
224,257,459.1891590506269,road-road
224,691,174.78712487833215,hospital-road
224,809,226.69162361902318,hospital-road
224,797,494.9250788696214,hospital-road
224,281,468.8851733682357,road-road
224,282,466.9656478170384,road-road
224,283,476.45456290278486,road-road
224,488,487.06387634100116,road-road
224,715,499.0413489014798,hospital-road
224,284,478.18793406097757,road-road
224,637,391.5542265643957,hospital-road
224,733,476.8460585999372,hospital-road
224,717,417.78298548213587,hospital-road
225,553,901.3438583655212,power-road
225,531,491.43587318310665,road-road
225,456,206.85401667518323,road-road
225,745,475.86271013065806,hospital-road
225,557,782.2189373621873,power-road
225,383,328.60739963364216,road-road
225,244,311.418353122938,road-road
225,385,330.18195416832197,road-road
225,384,312.2771028055653,road-road
225,729,468.4615526888674,hospital-road
225,730,461.45415148117434,hospital-road
225,455,204.6816923671898,road-road
225,453,193.87148087358156,road-road
225,454,192.76425626472718,road-road
225,343,9.897190471165148,road-road
225,305,315.3898790443605,road-road
225,714,427.6494851336966,hospital-road
225,474,313.4919549694603,road-road
226,228,490.9223986849746,road-road
226,229,490.31033334855937,road-road
226,250,491.99640798282604,road-road
226,240,311.39540862587734,road-road
226,431,256.04490884492924,road-road
226,611,409.75776887839993,hospital-road
226,557,810.5016693476608,power-road
226,834,302.1166511357479,hospital-road
226,231,249.2913696430228,road-road
226,230,260.05534738403327,road-road
226,232,275.65347896948623,road-road
226,432,256.05635387327067,road-road
226,233,278.9554360538975,road-road
226,234,229.87930165899562,road-road
226,235,249.72390227202882,road-road
226,237,259.606785150169,road-road
226,236,230.6937458650029,road-road
226,238,251.92361705237468,road-road
226,358,293.20828803849963,road-road
226,239,295.0942120468439,road-road
226,728,37.59608428150952,hospital-road
226,706,407.3202300694427,hospital-road
226,646,41.44637671418564,hospital-road
226,650,363.1265008998098,hospital-road
226,730,470.2124191797416,hospital-road
226,598,372.99602832088,hospital-road
227,656,374.7247720504274,hospital-road
227,271,418.36960044435193,road-road
227,539,427.93382067942895,road-road
227,269,230.28075170350084,road-road
227,451,361.5682728583156,road-road
227,411,182.830502991384,road-road
227,487,130.10754941672405,road-road
227,268,123.0809059469817,road-road
227,266,119.05079721756876,road-road
227,263,285.7674641250256,road-road
227,267,21.56322786052394,road-road
227,478,290.4967527716932,road-road
227,486,226.89275626434323,road-road
227,251,239.2508246506596,road-road
227,485,228.28122506908477,road-road
227,484,241.76502165617137,road-road
227,692,371.51843521241966,hospital-road
227,695,270.25279061562276,hospital-road
227,607,313.0267409365076,hospital-road
227,557,656.5233859177233,power-road
228,486,310.4595487609353,road-road
228,251,298.19857609579685,road-road
228,485,309.2213400220874,road-road
228,484,295.6412198908689,road-road
228,229,14.17286677112134,road-road
228,692,171.5201705152779,hospital-road
228,250,9.712160849809774,road-road
228,607,295.7776849565213,hospital-road
228,240,273.8714595802372,road-road
228,431,237.8429376531211,road-road
228,557,540.6399193331955,power-road
228,264,441.7103073180956,road-road
228,834,259.1971883823009,hospital-road
228,231,244.95519257011884,road-road
228,265,469.3881294604725,road-road
228,230,255.90359434951642,road-road
228,246,460.67216068149753,road-road
228,291,476.8860844655055,road-road
228,232,215.7951391073682,road-road
228,432,235.35559879306592,road-road
228,233,212.55123148413563,road-road
228,234,261.3443671474964,road-road
228,235,241.80486517683445,road-road
228,237,235.69578315648172,road-road
228,236,260.84528321427337,road-road
228,238,242.5854538070664,road-road
228,358,271.16405924785056,road-road
228,239,287.73834410701636,road-road
229,486,311.0971450805886,road-road
229,251,298.70382111991563,road-road
229,485,310.3083359522764,road-road
229,484,296.65556057531745,road-road
229,692,169.51844098876174,hospital-road
229,250,4.832547693271498,road-road
229,607,303.26472279857035,hospital-road
229,240,281.66934149896815,road-road
229,431,235.8394387850754,road-road
229,557,527.0855459107162,power-road
229,264,427.6925958347388,road-road
229,834,251.37086965086507,hospital-road
229,231,242.89312693743926,road-road
229,265,455.220115628143,road-road
229,230,251.0854552335252,road-road
229,246,446.5410022823685,road-road
229,291,462.72379763992274,road-road
229,232,214.70280934703766,road-road
229,432,234.3060072383777,road-road
229,233,212.99840228060742,road-road
229,234,260.4466068763308,road-road
229,235,242.11880608502162,road-road
229,237,237.27875545289672,road-road
229,236,261.0811554478385,road-road
229,238,243.91918010217753,road-road
229,358,278.0037836870368,road-road
229,239,295.0340958269796,road-road
230,692,411.67748475156395,hospital-road
230,250,254.01428189135405,road-road
230,240,239.09198269653933,road-road
230,431,52.844043554698914,road-road
230,611,335.97371769406243,hospital-road
230,557,579.2764227190595,power-road
230,264,457.8706245726463,road-road
230,834,60.45779437428876,hospital-road
230,231,50.7715099820472,road-road
230,265,451.72172681241335,road-road
230,246,456.7216772641358,road-road
230,291,461.160234830666,road-road
230,232,73.54823792703483,road-road
230,432,68.91563645293874,road-road
230,233,96.39381855758745,road-road
230,234,73.0341285619308,road-road
230,235,91.60312858115869,road-road
230,237,112.64148666772539,road-road
230,236,93.28086572929587,road-road
230,238,109.13284853748279,road-road
230,358,218.69918359598734,road-road
230,239,236.4500788715125,road-road
230,728,293.05710323725,hospital-road
230,646,290.6745469181161,hospital-road
231,692,410.0495579708235,hospital-road
231,250,244.9914855140015,road-road
231,240,188.5503658594555,road-road
231,431,7.156706034142373,road-road
231,611,383.54646723570085,hospital-road
231,557,619.2464506292214,power-road
231,264,498.83915766713244,road-road
231,834,109.25572939711309,hospital-road
231,265,496.1933645472915,road-road
231,246,499.88158568523147,road-road
231,232,32.74032428699545,road-road
231,432,19.458941947387256,road-road
231,233,51.02330439796812,road-road
231,234,26.878730611759117,road-road
231,235,40.853138874930686,road-road
231,237,62.22508180209856,road-road
231,236,44.395434383370684,road-road
231,238,58.38663238383103,road-road
231,358,168.0036909889261,road-road
231,239,185.68131682374076,road-road
231,728,278.4755213276012,hospital-road
231,646,274.32571042826254,hospital-road
232,692,383.22982647614515,hospital-road
232,250,216.48512882352574,road-road
232,240,170.30747947721872,road-road
232,431,26.075453783341604,road-road
232,611,409.52122912406224,hospital-road
232,557,617.4608929108422,power-road
232,264,498.49293927803217,road-road
232,834,124.3915012773137,hospital-road
232,265,499.8624142386008,road-road
232,432,19.60330176947553,road-road
232,233,23.383683314675995,road-road
232,234,45.78314025776677,road-road
232,235,35.034362425755376,road-road
232,237,47.600539907362744,road-road
232,236,50.847151704609225,road-road
232,238,48.15864155067097,road-road
232,358,151.33816798379175,road-road
232,239,170.27437066428152,road-road
232,728,302.990118185084,hospital-road
232,646,298.0807825492896,hospital-road
233,692,382.4570204407293,hospital-road
233,250,214.28322537210178,road-road
233,607,490.7705210460051,hospital-road
233,240,147.38733637412665,road-road
233,431,45.728157264897376,road-road
233,611,432.25697386644407,hospital-road
233,557,635.1286607756227,power-road
233,834,147.68238552878748,hospital-road
233,432,32.31836175890772,road-road
233,234,53.082043624651725,road-road
233,235,29.27910321417142,road-road
233,237,29.793715186099128,road-road
233,236,48.33809828889877,road-road
233,238,33.66156488369494,road-road
233,358,128.8474270697779,road-road
233,239,148.0308201879819,road-road
233,728,304.1349917410094,hospital-road
233,646,298.48649395173464,hospital-road
234,692,429.0062180000317,hospital-road
234,250,262.18472356560295,road-road
234,240,171.72004418038264,road-road
234,431,30.97043281767621,road-road
234,611,397.3108749797314,hospital-road
234,557,646.017914239835,power-road
234,834,133.20906958858092,hospital-road
234,432,26.21043530139223,road-road
234,235,28.642209273925022,road-road
234,237,49.875879722916125,road-road
234,236,20.87653127714903,road-road
234,238,43.4182779403255,road-road
234,358,150.35604764180832,road-road
234,239,166.85558227336685,road-road
234,728,257.3438536444508,hospital-road
234,646,252.58748197911808,hospital-road
235,692,411.51751231736637,hospital-road
235,250,243.45972179418135,road-road
235,240,147.80274399537905,road-road
235,431,39.54622770361447,road-road
235,611,422.8618002114691,hospital-road
235,557,651.4617353654893,power-road
235,834,149.18397593343673,hospital-road
235,432,24.024337453779943,road-road
235,237,22.154490525735213,road-road
235,236,19.059287191402213,road-road
235,238,17.53350688360764,road-road
235,358,127.16013711118693,road-road
235,239,144.85476231296946,road-road
235,728,274.884389150135,hospital-road
235,646,269.29344243943365,hospital-road
236,692,430.4347155196347,hospital-road
236,250,262.4541813806513,road-road
236,240,151.2830941251004,road-road
236,431,46.167345589233406,road-road
236,611,417.60511210492183,hospital-road
236,557,662.4633387684878,power-road
236,834,153.05981458620687,hospital-road
236,432,34.46742541823165,road-road
236,237,34.049953299439885,road-road
236,238,26.381714399342645,road-road
236,358,129.78532208699886,road-road
236,239,146.07514453939407,road-road
236,728,255.85443470640914,hospital-road
236,706,489.1088186812562,hospital-road
236,646,250.31325540352802,hospital-road
237,692,406.7131970862026,hospital-road
237,250,238.1978313694306,road-road
237,240,126.45165623700579,road-road
237,431,59.8960605226817,road-road
237,611,444.966541480121,hospital-road
237,557,664.1768217336646,power-road
237,834,168.84170970721763,hospital-road
237,432,43.811793892702255,road-road
237,238,7.9866692285734535,road-road
237,358,106.241916194573,road-road
237,239,124.4707971318949,road-road
237,728,282.5630421541258,hospital-road
237,706,490.3255703830039,hospital-road
237,646,276.2805352786278,hospital-road
238,692,413.4116838168136,hospital-road
238,250,244.92415039502927,road-road
238,240,130.33718907216132,road-road
238,431,56.896420210293094,road-road
238,611,439.81482049817424,hospital-road
238,557,665.5940825665272,power-road
238,834,166.46243008547876,hospital-road
238,432,41.06670947734296,road-road
238,358,109.63370435840596,road-road
238,239,127.33671389458559,road-road
238,728,275.1691276059604,hospital-road
238,706,487.880382870062,hospital-road
238,646,268.98821957703956,hospital-road
239,692,453.17315447475033,hospital-road
239,250,293.93021366760166,road-road
239,240,18.090705521349303,road-road
239,431,184.12048599896116,road-road
239,557,775.2074228822634,power-road
239,834,293.3072753713991,hospital-road
239,432,168.11830585675384,road-road
239,358,19.816605394563563,road-road
239,728,303.5871450257701,hospital-road
239,706,398.99517663817335,hospital-road
239,646,294.1779356654256,hospital-road
240,692,437.8668995599361,hospital-road
240,250,280.36885673705626,road-road
240,607,486.1483130436576,hospital-road
240,431,186.32552279557933,road-road
240,557,768.4510848536139,power-road
240,834,294.4192628647506,hospital-road
240,432,170.23373056785428,road-road
240,358,22.038564168914686,road-road
240,728,320.70347004613734,hospital-road
240,706,412.2860966708423,hospital-road
240,646,311.3974193828495,hospital-road
241,332,403.42770596737876,road-road
241,331,398.65282717447207,road-road
242,591,289.08587013491695,hospital-road
242,592,280.99990547315514,hospital-road
242,256,388.90755740725666,road-road
242,587,463.5595190791455,hospital-road
242,648,164.4755734875874,hospital-road
242,593,40.0249763465985,hospital-road
242,294,236.24623273282438,road-road
242,437,225.22044533627758,road-road
242,551,598.7107506852886,power-road
242,295,56.514320650504786,road-road
242,523,234.85948759406978,road-road
242,865,440.1497113680489,hospital-road
242,866,478.24141247946886,hospital-road
243,274,140.98412857512955,road-road
243,290,219.64731694633747,road-road
244,553,923.6085132987268,power-road
244,456,395.25488192069145,road-road
244,611,313.30437067768986,hospital-road
244,557,483.4365083347416,power-road
244,264,447.58921703636423,road-road
244,265,386.95867551038293,road-road
244,246,410.7162427998774,road-road
244,291,386.98632777349883,road-road
244,383,17.601214749460752,road-road
244,385,19.742899457536673,road-road
244,384,9.198886880195264,road-road
244,729,448.7541400343116,hospital-road
244,730,382.75592276044125,hospital-road
244,455,373.9396625651608,road-road
244,453,368.1544533169838,road-road
244,454,387.1869310818721,road-road
244,343,312.62880987059526,road-road
244,305,443.72637492442,road-road
244,474,431.9334004457208,road-road
245,261,342.9584382659691,road-road
245,704,336.7407538241561,hospital-road
245,262,210.084789516169,road-road
245,422,223.5675377890111,road-road
245,423,210.24624772157892,road-road
245,630,261.74999235912657,hospital-road
245,414,10.114928562419678,road-road
245,742,226.45388148758602,hospital-road
245,311,472.63497408192273,road-road
245,339,492.2243603936909,road-road
245,553,670.4241662366264,power-road
245,461,473.63856847936756,road-road
245,460,458.6176848046857,road-road
245,625,169.4473853123171,hospital-road
245,736,316.956448227195,hospital-road
245,247,25.176286908423904,road-road
245,746,145.93578009651534,hospital-road
245,557,430.45134008024684,power-road
246,630,394.9096745088845,hospital-road
246,742,352.1087474715547,hospital-road
246,692,448.63426494588623,hospital-road
246,250,450.9942038640177,road-road
246,431,497.8112785939912,road-road
246,611,383.2620859580141,hospital-road
246,557,134.4944792735176,power-road
246,264,36.892135168193036,road-road
246,834,397.71320455838617,hospital-road
246,265,24.731049423761092,road-road
246,291,23.90708923898135,road-road
246,383,393.22934602951347,road-road
246,385,392.9198459508594,road-road
246,384,411.11769863514377,road-road
247,261,330.2874657377986,road-road
247,704,340.4105274078559,hospital-road
247,262,219.96284319940708,road-road
247,422,233.91902733171108,road-road
247,423,220.7408548245944,road-road
247,630,285.3401927056508,hospital-road
247,414,22.11616326977958,road-road
247,742,246.05016363419156,hospital-road
247,311,455.6345423328349,road-road
247,339,474.83632982541593,road-road
247,553,645.2660335884946,power-road
247,461,448.9694330981648,road-road
247,460,433.9205960215336,road-road
247,625,153.0421573298073,hospital-road
247,736,292.1638431095187,hospital-road
247,746,125.00144134830256,hospital-road
247,557,445.0604484861452,power-road
250,486,309.28861130086887,road-road
250,251,296.93443285865476,road-road
250,485,308.35793152979704,road-road
250,484,294.72474514125787,road-road
250,692,168.5175869609543,hospital-road
250,607,299.49571959168253,hospital-road
250,431,237.91702122693812,road-road
250,557,531.016475048066,power-road
250,264,431.9989718200111,road-road
250,834,255.12830070499817,hospital-road
250,265,459.7633330512539,road-road
250,291,467.2458646178392,road-road
250,432,236.08315141584566,road-road
250,358,277.06964618775027,road-road
251,269,466.84454649447383,road-road
251,451,429.58047583274436,road-road
251,411,422.0431366669093,road-road
251,487,356.8589909965381,road-road
251,268,339.89888607755324,road-road
251,266,326.8542808856392,road-road
251,263,421.14620684168443,road-road
251,267,226.6381358371319,road-road
251,478,432.6323698384834,road-road
251,486,12.654737274643425,road-road
251,485,16.861900334605235,road-road
251,484,10.939692654329685,road-road
251,692,134.08716921292728,hospital-road
251,695,296.5736772834852,hospital-road
251,607,153.98696910849904,hospital-road
251,557,540.2554896674739,power-road
251,264,498.88604359362597,road-road
252,635,54.088780186702714,hospital-road
252,666,194.51105380216464,hospital-road
252,573,313.71194085466834,hospital-road
254,373,246.92263860914943,road-road
254,552,253.16958887390393,power-road
254,833,386.8117486313173,hospital-road
254,645,352.99287814825504,hospital-road
254,420,356.0010986968292,road-road
254,620,301.138890908322,hospital-road
254,419,358.7915457857762,road-road
254,701,358.3338173761331,hospital-road
255,555,910.8530334281454,power-road
256,591,285.70241762234537,hospital-road
256,748,272.26315831315793,hospital-road
256,412,298.34957000070796,road-road
256,592,117.13218890129586,hospital-road
256,587,82.75951482502616,hospital-road
256,648,231.200874612979,hospital-road
256,593,355.9405322111274,hospital-road
256,551,382.53357298637434,power-road
256,295,444.35884259880436,road-road
256,735,406.8424272569147,hospital-road
257,845,426.97753750271505,hospital-road
257,482,473.9440816442387,road-road
257,483,485.7401418025308,road-road
257,780,459.4065907908724,hospital-road
257,641,327.1534731832424,hospital-road
257,810,318.87767775545217,hospital-road
257,663,251.340662277304,hospital-road
257,781,466.6075822409615,hospital-road
257,338,388.68539096598494,road-road
257,258,17.235638603432946,road-road
257,260,380.92262611458176,road-road
257,777,289.5516000384072,hospital-road
257,814,202.3648646632516,hospital-road
257,612,213.84501611232744,hospital-road
257,786,215.05157709070232,hospital-road
257,691,308.9826045185656,hospital-road
257,809,249.64096392619018,hospital-road
257,280,373.0558068096361,road-road
257,797,495.69990183004205,hospital-road
258,845,443.2617077755466,hospital-road
258,482,478.73582104955244,road-road
258,483,490.7205020690853,road-road
258,780,463.7561629103481,hospital-road
258,641,343.96329838939204,hospital-road
258,810,328.75555590846284,hospital-road
258,663,251.330661098528,hospital-road
258,781,456.8447915158752,hospital-road
258,338,375.5441809457966,road-road
258,260,367.79820896242694,road-road
258,777,275.679579590045,hospital-road
258,814,185.70082244210087,hospital-road
258,612,196.7167729635276,hospital-road
258,786,197.869389805912,hospital-road
258,691,306.74582852562787,hospital-road
258,809,247.20405249855523,hospital-road
258,280,355.86965490201015,road-road
258,797,481.21682363746635,hospital-road
259,655,295.65071543539364,hospital-road
259,661,462.392980354673,hospital-road
259,796,113.19717507316615,hospital-road
259,709,81.2244685677435,hospital-road
259,514,82.7630922189985,road-road
259,559,137.94536765861108,hospital-road
259,662,221.38331796701303,hospital-road
259,794,436.7705169881788,hospital-road
259,788,426.2082733830451,hospital-road
259,652,400.51477840334024,hospital-road
259,853,138.84624678391594,hospital-road
259,747,386.5367797110724,hospital-road
259,578,366.0344237905603,hospital-road
259,854,418.77835968564744,hospital-road
259,848,473.9422629214774,hospital-road
259,365,447.08567827410207,road-road
260,482,469.5510605324907,road-road
260,483,481.76996346015073,road-road
260,780,450.3819452440415,hospital-road
260,540,415.84817904615903,road-road
260,490,346.89409161202855,road-road
260,489,441.479518168364,road-road
260,811,380.44800395787075,hospital-road
260,781,139.8438788394596,hospital-road
260,338,7.7760527225933265,road-road
260,777,94.52494489639872,hospital-road
260,814,216.29456287750904,hospital-road
260,612,234.21145051553665,hospital-road
260,786,239.8330415333964,hospital-road
260,280,228.83705286746084,road-road
261,704,223.1614207919422,hospital-road
261,262,270.36935173581605,road-road
261,422,276.0778685711812,road-road
261,423,276.1505940347428,road-road
261,414,332.8581574589256,road-road
261,311,152.93484880236028,road-road
261,339,174.7522274880465,road-road
261,553,555.6043304738113,power-road
261,461,345.3920051600528,road-road
261,460,337.1264986032244,road-road
261,625,180.59301136346164,hospital-road
261,736,367.54886912060954,hospital-road
261,746,223.09515689797058,hospital-road
261,557,773.2859563678525,power-road
262,704,141.67999599151992,hospital-road
262,422,14.472878252205204,road-road
262,636,402.9967300642759,hospital-road
262,423,5.78211558892371,road-road
262,630,339.6392556250403,hospital-road
262,414,203.590946748827,road-road
262,686,448.39692765921995,hospital-road
262,742,359.60105027345304,hospital-road
262,311,423.300769732395,road-road
262,339,445.1178557174371,road-road
262,553,761.5239634091976,power-road
262,625,203.92763159580196,hospital-road
262,736,458.64754880321965,hospital-road
262,746,231.9964964212765,hospital-road
262,557,579.2158867790877,power-road
263,656,360.0879385175918,hospital-road
263,537,448.96032085370524,road-road
263,538,414.28417525528704,road-road
263,539,352.67999997997754,road-road
263,269,354.0555257090931,road-road
263,411,288.07714032698544,road-road
263,630,421.4007108730196,hospital-road
263,487,208.85928156659241,road-road
263,268,190.6955860471975,road-road
263,686,388.2373140695924,hospital-road
263,266,181.10193592776065,road-road
263,267,305.92145550534906,road-road
263,478,14.800765809425174,road-road
263,486,413.6052895464382,road-road
263,485,421.04048629742243,road-road
263,484,429.8931770857581,road-road
263,557,545.5440601071745,power-road
264,630,377.1656758873149,hospital-road
264,742,341.8721667799113,hospital-road
264,692,419.1031019848992,hospital-road
264,431,496.2678758121724,road-road
264,611,410.435339773314,hospital-road
264,557,122.20534757857588,power-road
264,834,400.21578279102215,hospital-road
264,265,61.199566777713564,road-road
264,291,60.63200460147261,road-road
264,383,430.09631674800437,road-road
264,385,429.809401650616,road-road
264,384,448.0076793064386,road-road
265,630,412.7203613607956,hospital-road
265,742,366.0722789870343,hospital-road
265,692,465.20127689076793,hospital-road
265,431,494.4628376383707,road-road
265,611,362.21234116011584,hospital-road
265,557,151.8080170222353,power-road
265,834,392.0591427911668,hospital-road
265,291,9.488792819315336,road-road
265,383,369.5101812985291,road-road
265,385,369.0197383866777,road-road
265,384,387.2080852788205,road-road
266,656,297.70335952079495,hospital-road
266,537,484.28603336307657,road-road
266,538,441.7571718745858,road-road
266,271,392.9722061098214,road-road
266,539,334.22588256058555,road-road
266,269,207.39693503451315,road-road
266,451,461.9300701053723,road-road
266,411,140.06278036731064,road-road
266,487,45.08273426890178,road-road
266,268,18.70269033594558,road-road
266,267,140.61325799795924,road-road
266,478,182.4528820121569,road-road
266,486,315.80996977175846,road-road
266,485,319.9408715674011,road-road
266,484,332.2282170354876,road-road
266,692,449.37501851456,hospital-road
266,695,384.61064320767645,hospital-road
266,607,425.1896519845953,hospital-road
266,557,640.6243383475744,power-road
267,656,390.80848381275155,hospital-road
267,271,426.1950778179541,road-road
267,539,446.0976662239303,road-road
267,269,240.4028817985954,road-road
267,451,344.54014089855104,road-road
267,411,197.24287266359153,road-road
267,487,150.46605417066925,road-road
267,268,144.40903743761433,road-road
267,478,310.98775344682315,road-road
267,486,214.1072392124725,road-road
267,485,214.73383434992002,road-road
267,484,228.36337082672236,road-road
267,692,360.0051947221262,hospital-road
267,695,249.93881931899247,hospital-road
267,607,293.37566843340284,hospital-road
267,557,661.8483666912546,power-road
268,656,280.71669488688934,hospital-road
268,537,472.5772632245209,road-road
268,538,429.7090022457779,road-road
268,271,374.3207333059398,road-road
268,539,319.6788250396289,road-road
268,269,189.21321801161272,road-road
268,451,455.79771606255827,road-road
268,411,121.60855364847868,road-road
268,487,26.466657893820294,road-road
268,478,190.7425186113826,road-road
268,486,328.6091280840119,road-road
268,485,332.35246737979804,road-road
268,484,344.88302618464826,road-road
268,692,464.10126526146695,hospital-road
268,695,383.31079362093385,hospital-road
268,607,433.3588395275178,hospital-road
268,557,659.0223689191895,power-road
269,583,377.1541450313925,hospital-road
269,656,181.29689829572135,hospital-road
269,537,432.70852020353783,road-road
269,538,389.5828785586511,road-road
269,271,190.6427453699305,road-road
269,698,390.52223166381367,hospital-road
269,539,259.1505379147489,road-road
269,451,389.3766431765098,road-road
269,411,68.48536822950501,road-road
269,487,162.97389322280495,road-road
269,478,348.4869505537531,road-road
269,486,454.2630695455486,road-road
269,485,454.4232512742274,road-road
269,484,468.11429535588735,road-road
269,695,375.3402255522037,hospital-road
269,557,847.8831757179839,power-road
270,551,510.0073077842228,power-road
270,644,288.39053544478065,hospital-road
270,711,499.6363475969189,hospital-road
270,680,416.6931194076597,hospital-road
270,689,279.01515554580845,hospital-road
270,636,415.5608609869597,hospital-road
270,407,51.67503183266161,road-road
270,600,257.94201814751654,hospital-road
270,656,481.0971891343351,hospital-road
270,537,227.36721510837026,road-road
270,538,270.8805083900134,road-road
270,698,421.327869075245,hospital-road
270,408,51.90680712172215,road-road
270,539,400.9493012091523,road-road
270,686,381.06912418700296,hospital-road
271,551,892.3694387147575,power-road
271,583,199.18688800333726,hospital-road
271,656,191.51158033927695,hospital-road
271,537,409.8744492115021,road-road
271,538,375.64813060171673,road-road
271,698,251.8709801623847,hospital-road
271,539,266.6601908342724,road-road
271,451,466.8493507855897,road-road
271,411,253.59951446918149,road-road
271,487,347.88952563418513,road-road
272,649,425.58699713198234,hospital-road
272,472,152.59836334020798,road-road
272,397,465.3365772559862,road-road
272,585,446.41913581181717,hospital-road
272,398,467.72662436446774,road-road
273,841,267.93223635101725,hospital-road
273,563,229.78084272068187,hospital-road
273,276,231.4376210324797,road-road
273,463,12.831777896808864,road-road
273,275,243.7055871618949,road-road
273,533,336.2989034150255,road-road
273,534,337.0745991816287,road-road
274,290,303.27790505261737,road-road
275,841,177.38501800336735,hospital-road
275,563,98.37478334241779,hospital-road
275,276,12.274524232429654,road-road
275,463,255.54954515848664,road-road
275,340,278.8304752604191,road-road
275,546,478.47314717741517,road-road
275,548,897.020037676241,power-road
276,841,175.474752178409,hospital-road
276,563,95.2971026564832,hospital-road
276,463,243.29220882145907,road-road
276,340,291.07707737117363,road-road
276,546,490.60824156847514,road-road
276,548,909.1897901122993,power-road
277,700,428.13447248981385,hospital-road
277,722,309.17523409610175,hospital-road
277,618,211.50261744900502,hospital-road
277,668,468.9966558496463,hospital-road
277,278,18.256082238817683,road-road
277,654,355.1372038033742,hospital-road
278,700,428.2906538641733,hospital-road
278,722,299.6595492975388,hospital-road
278,618,227.84057479985677,hospital-road
278,668,486.1474210517742,hospital-road
278,654,367.0263872983981,hospital-road
279,723,346.22451695176306,hospital-road
279,566,400.74036779564733,hospital-road
279,468,313.8242705860634,road-road
279,553,474.289354990442,power-road
279,466,225.21360746910798,road-road
279,314,229.96793836694263,road-road
279,595,41.25437453650288,hospital-road
279,480,10.223973166617737,road-road
279,740,425.6613275584518,hospital-road
280,663,457.91154188125137,hospital-road
280,781,367.2694679338397,hospital-road
280,338,231.12092768984547,road-road
280,777,195.1927457470074,hospital-road
280,814,177.17889373565563,hospital-road
280,612,159.48467707147145,hospital-road
280,786,158.00482397159416,hospital-road
280,691,464.0460699591754,hospital-road
280,809,427.20825284541354,hospital-road
280,797,296.11409591224543,hospital-road
280,281,398.45456535383187,road-road
280,282,424.49766330932687,road-road
280,283,424.2251181561045,road-road
280,488,457.38862039743145,road-road
280,284,460.06031630922394,road-road
281,663,430.6861988076377,hospital-road
281,814,474.9235566053627,hospital-road
281,612,443.67993082856054,hospital-road
281,786,436.98736120158645,hospital-road
281,691,380.0228295655553,hospital-road
281,809,398.7392060596637,hospital-road
281,797,102.86302682665253,hospital-road
281,282,26.060101192222376,road-road
281,283,27.059611869727373,road-road
281,488,61.36282813687424,road-road
281,715,351.6731012705521,hospital-road
281,285,161.975165702855,road-road
281,284,62.20222845083216,road-road
281,287,339.65783136144603,road-road
281,286,203.91478834928617,road-road
281,637,247.18027513515045,hospital-road
281,733,336.2118018732889,hospital-road
281,413,158.6440770186243,road-road
281,717,205.9709070965515,hospital-road
282,663,440.67596463217575,hospital-road
282,814,498.96352801536983,hospital-road
282,612,467.7633673029288,hospital-road
282,786,461.03793588069055,hospital-road
282,691,387.4675987220677,hospital-road
282,809,409.6471048163072,hospital-road
282,797,128.8975591592935,hospital-road
282,283,9.492819282734278,road-road
282,488,37.81108385725856,road-road
282,715,326.1143631337821,hospital-road
282,285,136.76311336707926,road-road
282,284,36.909907731971344,road-road
282,287,313.7025376914358,road-road
282,286,178.36363407182657,road-road
282,637,224.41001767965804,hospital-road
282,733,310.9587112911763,hospital-road
282,413,134.08901226057935,road-road
282,717,181.9189234506652,hospital-road
283,663,449.0485918563311,hospital-road
283,612,470.71294158852965,hospital-road
283,786,464.01611105115546,hospital-road
283,691,396.23913390626427,hospital-road
283,809,417.837491632626,hospital-road
283,797,128.16078355964595,hospital-road
283,488,34.310289115218325,road-road
283,715,328.8554402801844,hospital-road
283,285,135.15994129439156,road-road
283,284,35.83519815447043,road-road
283,287,315.4311034396336,road-road
283,286,177.3171766569404,road-road
283,637,229.98261978663155,hospital-road
283,733,314.20360230599687,hospital-road
283,413,131.6168129573946,road-road
283,717,186.62961875649444,hospital-road
284,663,466.3171826850278,hospital-road
284,786,497.87155466039565,hospital-road
284,691,410.5654956023262,hospital-road
284,809,436.3546424239595,hospital-road
284,797,163.98839825587893,hospital-road
284,488,9.542443382669802,road-road
284,715,294.68599943738354,hospital-road
284,285,99.89069821511906,road-road
284,287,280.2511236798924,road-road
284,286,141.71263697989056,road-road
284,637,202.05228550229353,hospital-road
284,733,280.7491715408009,hospital-road
284,413,97.25686361772888,road-road
284,717,156.6309976845268,hospital-road
285,691,478.29428904566964,hospital-road
285,797,262.3026170475954,hospital-road
285,488,101.16213187071924,road-road
285,715,214.6139461500756,hospital-road
285,287,192.83360713778262,road-road
285,286,42.8982038608699,road-road
285,637,164.1230760510735,hospital-road
285,733,205.87357527218322,hospital-road
285,413,12.975858809096593,road-road
285,717,117.3235916845023,hospital-road
286,797,304.8997046613464,hospital-road
286,488,143.60474637006772,road-road
286,715,178.1871807334854,hospital-road
286,287,153.25934154089836,road-road
286,637,153.1455305043204,hospital-road
286,733,172.2937813699891,hospital-road
286,413,50.771453827234964,road-road
286,717,112.3063531655429,hospital-road
287,797,442.46793664613847,hospital-road
287,488,284.92506355308257,road-road
287,715,37.521246561612166,hospital-road
287,637,146.66578357507777,hospital-road
287,733,51.95132573456749,hospital-road
287,413,203.06103196932372,road-road
287,717,153.19901879780127,hospital-road
288,551,658.340713842358,power-road
288,644,468.0121296895069,hospital-road
288,452,314.9834524447857,road-road
288,535,315.4115874778568,road-road
288,536,308.10461896027374,road-road
288,711,173.47205723196166,hospital-road
288,680,110.12709288387913,hospital-road
288,689,431.890714172773,hospital-road
288,407,454.93704894076694,road-road
288,600,248.52600597467347,hospital-road
288,408,454.4576916179543,road-road
289,450,280.6348155155379,road-road
289,449,287.29513521013337,road-road
289,555,314.64004360576763,power-road
290,327,444.5155358918912,road-road
290,326,435.63721589556917,road-road
290,631,438.4134497913024,hospital-road
290,418,329.1114119018177,road-road
290,368,483.39412954957265,road-road
290,683,325.58753238913687,hospital-road
291,630,404.6319471606019,hospital-road
291,742,357.1643292618208,hospital-road
291,692,470.1173237097674,hospital-road
291,611,369.4015817265727,hospital-road
291,557,143.82807183682792,power-road
291,834,401.51767432382667,hospital-road
291,383,369.4852745599655,road-road
291,385,369.25999888426924,road-road
291,384,387.4609948808384,road-road
292,371,451.1723624242097,road-road
292,293,442.20336394544836,road-road
292,386,464.5129254293513,road-road
292,623,193.5438005774568,hospital-road
292,387,472.66129864498896,road-road
292,713,420.27124286607403,hospital-road
292,294,279.5330778303271,road-road
292,437,291.1612951153401,road-road
292,295,457.3168555476174,road-road
292,523,285.47377511707845,road-road
293,830,488.0497683580308,hospital-road
293,597,490.474664501104,hospital-road
293,329,456.15592579478545,road-road
293,669,247.7902453686866,hospital-road
293,831,169.78122263996488,hospital-road
293,737,204.4790215521873,hospital-road
293,371,8.971130294098288,road-road
293,386,22.316143921002215,road-road
293,369,252.2802433003937,road-road
293,372,231.43713259067346,road-road
293,370,251.63798216136232,road-road
293,296,223.78980934401173,road-road
293,623,456.0616759426613,hospital-road
293,387,121.57952295919983,road-road
293,330,463.80889098188845,road-road
294,623,291.4052805222084,hospital-road
294,713,397.56165453715516,hospital-road
294,591,440.79649673926747,hospital-road
294,648,385.8509498070046,hospital-road
294,593,262.75023558758596,hospital-road
294,437,11.65204840028825,road-road
294,551,825.2083498269742,power-road
294,295,180.3380315674929,road-road
294,523,15.093002160809194,road-road
295,623,459.27159386432555,hospital-road
295,591,321.8879862463418,hospital-road
295,592,334.7181002421665,hospital-road
295,648,217.1654038507212,hospital-road
295,593,89.49296964718341,hospital-road
295,437,169.1748280241757,road-road
295,551,649.6524145636014,power-road
295,523,178.49806424538946,road-road
295,865,456.14196041257793,hospital-road
295,866,494.22168015276776,hospital-road
296,846,468.55394694437535,hospital-road
296,329,336.71239668184114,road-road
296,878,385.24391870185235,hospital-road
296,669,394.99137466976697,hospital-road
296,831,304.1123028301241,hospital-road
296,737,324.5923044264237,hospital-road
296,371,223.64779460243648,road-road
296,386,224.16579758942154,road-road
296,369,335.18106746722776,road-road
296,372,312.3265114110924,road-road
296,370,326.06541764736113,road-road
296,623,428.06714821662837,hospital-road
296,387,102.75520025587953,road-road
296,713,492.0706719389382,hospital-road
296,330,339.2966334726432,road-road
296,350,380.5567196749919,road-road
296,349,379.1430801893818,road-road
298,481,313.57451508413243,road-road
298,532,199.57834720453675,road-road
298,307,353.0447095682041,road-road
298,308,300.0507365351612,road-road
298,545,235.023764832476,road-road
298,543,257.7628985786395,road-road
298,544,234.73172074785208,road-road
298,542,257.3748746343123,road-road
298,393,271.0368881564914,road-road
298,550,331.6674970920864,power-road
298,392,276.2778803147409,road-road
298,493,424.75957285687184,road-road
298,556,235.1050376965564,power-road
298,764,134.5495717287425,hospital-road
298,792,355.36891017130665,hospital-road
298,804,170.49291619804052,hospital-road
299,368,314.4631437654628,road-road
299,683,454.53757583932384,hospital-road
299,317,205.47589906557184,road-road
300,549,635.9008158756097,power-road
300,526,13.825612152682483,road-road
300,479,7.955380874623424,road-road
300,550,913.5546577855289,power-road
301,512,325.9525507990587,road-road
301,513,331.11022312527314,road-road
301,877,107.2294091481333,hospital-road
301,627,44.8775650892828,hospital-road
301,344,33.63660163558795,road-road
301,759,336.76772684691247,hospital-road
301,749,429.9510935452874,hospital-road
301,406,405.5942242849159,road-road
301,758,379.8134298438135,hospital-road
302,572,285.61930771673906,hospital-road
302,840,400.68247098817795,hospital-road
302,872,481.9238633198826,hospital-road
302,590,468.8714067582624,hospital-road
303,552,535.2762549918455,power-road
303,639,403.6023477440808,hospital-road
303,874,395.03231411146817,hospital-road
303,584,361.4371947901984,hospital-road
303,376,30.947178936763326,road-road
303,833,418.2505898942551,hospital-road
303,471,25.977116108888595,road-road
303,678,61.83815617475485,hospital-road
303,603,106.62116707983695,hospital-road
303,572,412.4351610156028,hospital-road
304,545,488.4113643007786,road-road
304,543,488.8953454166319,road-road
304,544,498.6409678725613,road-road
304,542,478.73793181058875,road-road
304,393,464.6387308342224,road-road
304,550,604.712551267431,power-road
304,392,471.25665513165654,road-road
304,494,440.2431994271574,road-road
304,493,441.8861778102496,road-road
304,495,453.2515157484381,road-road
304,441,471.5699917563264,road-road
304,508,436.8909370663376,road-road
304,507,435.1735954465485,road-road
304,352,476.285814860078,road-road
304,496,477.9133059756884,road-road
304,556,545.7491238176466,power-road
304,792,481.6288474996994,hospital-road
304,399,17.394386533015645,road-road
304,359,12.146808810390198,road-road
304,360,23.450612262074287,road-road
304,367,26.95740756079819,road-road
304,426,151.45698573159765,road-road
304,688,177.3169195934444,hospital-road
304,462,26.07547641368803,road-road
304,876,371.1530780852151,hospital-road
304,363,265.46988637600475,road-road
304,778,386.4318178970234,hospital-road
304,808,436.7320064171937,hospital-road
304,813,492.8372844691802,hospital-road
305,611,491.2528444233259,hospital-road
305,557,906.3720303072081,power-road
305,383,458.6637348171175,road-road
305,385,452.73615623954925,road-road
305,384,437.77307527792044,road-road
305,729,218.26194865437353,hospital-road
305,730,270.8097529973878,hospital-road
305,343,325.230013075975,road-road
305,714,452.61041169981894,hospital-road
305,731,315.4962428650406,hospital-road
305,474,14.828948514841708,road-road
306,310,485.27771642733444,road-road
306,309,475.66940458143375,road-road
306,388,30.80890734323979,road-road
306,555,859.5508024293548,power-road
307,525,256.6823588971282,road-road
307,524,247.79261330548803,road-road
307,511,184.90347531575182,road-road
307,481,42.50669062802506,road-road
307,532,153.8881680376496,road-road
307,351,194.21181514689275,road-road
307,308,73.9528647406009,road-road
307,550,636.8610425732799,power-road
307,752,490.598136512888,hospital-road
307,556,441.4095437209399,power-road
307,764,414.5459213212399,hospital-road
307,804,406.29039174431745,hospital-road
308,525,298.7494433680324,road-road
308,524,291.8269252844181,road-road
308,511,227.526472967044,road-road
308,481,64.53141660592729,road-road
308,532,111.88848779091134,road-road
308,351,238.28563484930248,road-road
308,550,567.4550775110106,power-road
308,556,424.30121156356677,power-road
308,764,380.39685347976456,hospital-road
308,804,380.4293324211712,hospital-road
309,405,366.06686069707666,road-road
309,404,405.1345116727696,road-road
309,403,421.7951787205714,road-road
309,617,411.4584308354695,hospital-road
309,473,309.8919395348729,road-road
309,871,331.3099205398747,hospital-road
309,606,394.16552383757306,hospital-road
309,310,36.685959036067466,road-road
309,388,446.44991917854173,road-road
309,555,915.3666354617666,power-road
310,405,348.0766523063262,road-road
310,404,391.6386096618498,road-road
310,403,407.22646592381165,road-road
310,617,413.3846781706757,hospital-road
310,473,336.9664273877017,road-road
310,871,355.6827911829323,hospital-road
310,606,422.3088095646502,hospital-road
310,388,456.8815737951053,road-road
310,555,951.6300982378248,power-road
311,704,362.8386846892481,hospital-road
311,422,428.9327921013468,road-road
311,423,429.0822826065675,road-road
311,414,462.8534804916262,road-road
311,339,21.817378701954734,road-road
311,553,467.9207974685234,power-road
311,461,285.95687381561106,road-road
311,460,284.2420412906593,road-road
311,625,303.1929870749631,hospital-road
311,736,395.3656743714749,hospital-road
311,746,334.2867989413425,hospital-road
311,557,899.9956149119523,power-road
312,550,952.2151258247771,power-road
312,807,440.33869115299854,hospital-road
312,556,529.1816260816931,power-road
312,792,402.71982803658665,hospital-road
312,801,344.11370689264675,hospital-road
312,426,484.0566553945108,road-road
312,876,242.41277479074128,hospital-road
312,363,380.5229985359275,road-road
312,778,180.53715575262686,hospital-road
312,808,144.49920775566505,hospital-road
312,313,9.707301430959692,road-road
312,633,250.3874879346033,hospital-road
312,775,240.97042808010886,hospital-road
312,789,243.8782449615785,hospital-road
312,772,393.60051258319277,hospital-road
313,550,942.5117965371014,power-road
313,807,441.2128872219298,hospital-road
313,556,520.3955315091572,power-road
313,792,393.74596726213167,hospital-road
313,801,351.6231218384693,hospital-road
313,426,474.98629089787846,road-road
313,876,232.74296446941204,hospital-road
313,363,375.69803492465155,road-road
313,778,174.21444205926977,hospital-road
313,808,140.2622241879958,hospital-road
313,633,252.19006211631103,hospital-road
313,775,242.85196149366058,hospital-road
313,789,245.88386726151273,hospital-road
313,772,400.1026504651873,hospital-road
314,553,692.0676852353758,power-road
314,466,15.516716923270508,road-road
314,502,466.2883285647267,road-road
314,595,267.06747693448295,hospital-road
314,480,221.9189271216154,road-road
314,740,283.4663883179615,hospital-road
314,629,422.36659352880764,hospital-road
315,327,369.0977101012464,road-road
315,326,378.77991185636,road-road
315,631,247.38358753043704,hospital-road
315,418,195.72919745624034,road-road
315,316,26.74664950481738,road-road
315,368,251.999502317065,road-road
315,683,219.7228502999688,hospital-road
315,317,361.6784692109163,road-road
316,327,365.0804697362113,road-road
316,326,375.50758129837317,road-road
316,631,243.89228804426773,hospital-road
316,418,213.99090397949666,road-road
316,368,276.85349464098715,road-road
316,683,244.38390323028293,hospital-road
316,317,386.5172860386358,road-road
317,418,355.0105769928772,road-road
317,368,109.6860478449071,road-road
317,683,264.49040062569344,hospital-road
318,647,269.6262068653489,hospital-road
318,448,129.15175696205992,road-road
318,879,188.9201448935206,hospital-road
318,492,478.82994999557707,road-road
318,491,477.9700807873807,road-road
318,687,265.6243186753602,hospital-road
318,727,481.564303090534,hospital-road
318,546,326.7719671316694,road-road
318,438,32.97559929185586,road-road
318,429,130.57088123328785,road-road
318,430,24.402400507379685,road-road
318,341,167.70035521598444,road-road
318,342,173.66743251876633,road-road
318,855,484.1650144886317,hospital-road
318,548,201.18874754496977,power-road
318,518,270.70999352700807,road-road
318,517,263.6897073031589,road-road
318,838,379.68597108784945,hospital-road
318,601,399.13286865423265,hospital-road
319,421,41.81758945957624,road-road
319,864,195.53831019879755,hospital-road
319,443,33.44402560710892,road-road
319,693,329.9652362326243,hospital-road
319,716,473.1015730187911,hospital-road
319,442,31.95204192690988,road-road
319,547,918.2649393763356,power-road
320,869,415.12997452705,hospital-road
320,608,85.85755588150545,hospital-road
320,321,21.727123382236307,road-road
320,699,258.793962305467,hospital-road
320,653,390.1461498005922,hospital-road
320,510,181.45959032856152,road-road
320,509,180.30113444019415,road-road
320,452,483.54660283206823,road-road
320,535,475.61708178000646,road-road
320,536,485.0498078548947,road-road
321,869,419.133706420009,hospital-road
321,608,81.86792586121369,hospital-road
321,699,239.74017938862528,hospital-road
321,653,368.5809311088311,hospital-road
321,510,179.5100464614246,road-road
321,509,180.62304993678546,road-road
321,452,475.34679928293707,road-road
321,535,467.0458743723384,road-road
321,536,476.4765404794987,road-road
322,333,432.4339364504556,road-road
322,334,432.6731402297513,road-road
322,751,300.9214422353441,hospital-road
322,570,469.581996555436,hospital-road
322,594,429.3389468575685,hospital-road
322,323,14.967720598974037,road-road
322,357,461.2078339698518,road-road
322,356,464.97781766361845,road-road
323,333,432.0534863090568,road-road
323,334,432.7916034281148,road-road
323,751,296.6426264534892,hospital-road
323,570,475.65506818230295,hospital-road
323,594,434.0972850240415,hospital-road
323,357,460.38324710169275,road-road
323,356,464.8295809382556,road-road
326,327,14.51343881831171,road-road
326,631,131.65487412774883,hospital-road
326,418,291.7160394561557,road-road
326,683,385.39511239016497,hospital-road
327,631,121.71558553022557,hospital-road
327,418,289.02455366774234,road-road
327,683,383.3268418839268,hospital-road
328,545,303.69760461339354,road-road
328,543,279.61359474383454,road-road
328,544,296.43347593390087,road-road
328,542,287.8329794813643,road-road
328,393,285.8994415000937,road-road
328,550,168.99112479265747,power-road
328,392,275.09807906144107,road-road
328,494,244.8539627767332,road-road
328,493,205.62018475893822,road-road
328,495,240.7927298165757,road-road
328,441,243.76952523080507,road-road
328,508,261.8799244088194,road-road
328,507,257.2431683753596,road-road
328,352,282.1774442938054,road-road
328,496,256.49521566830333,road-road
328,556,666.7003406699336,power-road
329,720,224.75813975570045,hospital-road
329,681,430.88480920216944,hospital-road
329,846,194.84257367379658,hospital-road
329,878,83.10490800180867,hospital-road
329,669,433.4560516343316,hospital-road
329,831,386.1056217379194,hospital-road
329,737,373.17581298819096,hospital-road
329,371,449.6484589055746,road-road
329,386,440.1740887601148,road-road
329,369,327.81915546764856,road-road
329,372,322.82929790640003,road-road
329,370,315.6235310458464,road-road
329,387,373.30316525975024,road-road
329,330,11.884635059824216,road-road
329,350,433.68690787018704,road-road
329,349,416.1434123653163,road-road
330,720,217.04579640171175,hospital-road
330,681,419.5971402216165,hospital-road
330,846,203.7102805551354,hospital-road
330,878,71.9411355760696,hospital-road
330,669,444.75745908140823,hospital-road
330,831,396.517764100423,hospital-road
330,737,384.038427336289,hospital-road
330,371,457.42492133574723,road-road
330,386,448.13887371194704,road-road
330,369,339.1504919520071,road-road
330,372,333.88247219307124,road-road
330,370,326.91252193452414,road-road
330,387,378.87201656235044,road-road
330,350,425.2190694190489,road-road
330,349,407.41867075632655,road-road
331,728,486.56645626438655,hospital-road
331,646,493.060525218841,hospital-road
331,650,153.61315798055563,hospital-road
331,332,12.992894113516032,road-road
331,598,240.5907760791292,hospital-road
331,731,429.84028855176985,hospital-road
332,728,483.47983326853694,hospital-road
332,646,489.74643566260596,hospital-road
332,650,148.9341127593997,hospital-road
332,598,247.62312974008188,hospital-road
332,731,441.691442991987,hospital-road
333,334,14.424791142516906,road-road
333,751,163.7114262571207,hospital-road
333,570,202.74923966188385,hospital-road
333,594,149.97292423453982,hospital-road
334,751,171.27174327526356,hospital-road
334,570,188.33897626327598,hospital-road
334,594,135.85062740255609,hospital-road
336,724,349.81866869660155,hospital-road
336,682,335.6382868006207,hospital-road
336,569,151.4003307636116,hospital-road
336,547,118.50022199707749,power-road
336,402,471.5116700696678,road-road
336,401,460.64530756184575,road-road
336,400,453.32624562921154,road-road
336,337,75.50201768835281,road-road
336,741,329.64845517401574,hospital-road
336,875,363.76639383971434,hospital-road
336,671,111.67132118432859,hospital-road
336,790,478.872268983228,hospital-road
336,791,405.08225054157526,hospital-road
336,800,253.35257141363485,hospital-road
337,724,312.1203030044178,hospital-road
337,643,492.0303452262401,hospital-road
337,682,380.66961141448985,hospital-road
337,569,143.85131891583447,hospital-road
337,547,178.69362475832943,power-road
337,741,405.1432431969462,hospital-road
337,875,434.1674823658733,hospital-road
337,671,136.92025628363993,hospital-road
337,791,465.644154475635,hospital-road
337,800,241.97628424255515,hospital-road
338,482,473.08275138577625,road-road
338,483,485.23149078276947,road-road
338,780,453.95273247164045,hospital-road
338,540,416.06338730526596,road-road
338,490,347.18587220866686,road-road
338,489,442.02513554095174,road-road
338,811,380.2726306764471,hospital-road
338,781,136.55309392876075,hospital-road
338,777,102.01248417166188,hospital-road
338,814,223.24846524477974,hospital-road
338,612,240.72849632891877,hospital-road
338,786,246.27849983254941,hospital-road
339,704,383.58965455066806,hospital-road
339,422,450.7431659712882,road-road
339,423,450.8993896031681,road-road
339,414,482.49634283031793,road-road
339,566,494.64798862585667,hospital-road
339,553,458.21417264918136,power-road
339,461,283.2513648068013,road-road
339,460,282.6991962399396,road-road
339,625,322.80059262420446,hospital-road
339,736,403.92422531280386,hospital-road
339,746,352.7067243138038,hospital-road
339,557,918.7230617164877,power-road
340,841,366.86771752666687,hospital-road
340,563,328.54205834869316,hospital-road
340,879,483.976387966043,hospital-road
340,546,201.97708723902483,road-road
340,438,491.718225815277,road-road
340,429,490.7693424261503,road-road
340,341,490.6553539497038,road-road
340,548,618.9842941922508,power-road
341,647,437.1663078636933,hospital-road
341,448,293.42587761941104,road-road
341,879,344.26396602348314,hospital-road
341,687,428.6641160085368,hospital-road
341,546,289.4190329483728,road-road
341,438,135.07019204665858,road-road
341,429,37.22623740623099,road-road
341,430,152.34047023576466,road-road
341,342,28.448230384534764,road-road
341,855,320.582411439561,hospital-road
341,548,130.5032170028852,power-road
341,518,176.5204622842619,road-road
341,517,175.8670688983801,road-road
341,838,334.82038258538347,hospital-road
341,601,360.4262568368855,hospital-road
342,647,442.68356045712875,hospital-road
342,448,294.6801453043912,road-road
342,879,356.5501575738283,hospital-road
342,687,438.28824195226866,hospital-road
342,546,317.7917175491263,road-road
342,438,142.41695604944007,road-road
342,429,48.30653544912164,road-road
342,430,155.26226295024952,road-road
342,855,310.5358660175199,hospital-road
342,548,103.0592029830174,power-road
342,518,148.27603005773932,road-road
342,517,147.46055110009542,road-road
342,838,306.50934620316696,hospital-road
342,601,332.19442131927104,hospital-road
343,553,891.6610928294417,power-road
343,531,481.62560024712303,road-road
343,456,196.95916811402063,road-road
343,745,465.989251454514,hospital-road
343,557,781.1344107132888,power-road
343,383,329.69362643960955,road-road
343,385,331.5711545881347,road-road
343,384,313.77441838551766,road-road
343,729,477.9299639129151,hospital-road
343,730,470.1732763536764,hospital-road
343,455,194.8357930494358,road-road
343,453,184.025165557361,road-road
343,454,182.87030329973965,road-road
343,714,429.55408830945345,hospital-road
343,474,323.3705188108773,road-road
344,512,353.9716260172015,road-road
344,513,358.1782563950909,road-road
344,877,135.78689811987314,hospital-road
344,627,72.04749993156065,hospital-road
344,759,307.2075798885357,hospital-road
344,749,399.69344773636374,hospital-road
344,406,381.6805387797591,road-road
344,403,498.9115028408934,road-road
344,758,346.37529764394645,hospital-road
345,743,465.42940628927863,hospital-road
345,571,346.113735967468,hospital-road
345,707,426.98895693249506,hospital-road
345,621,405.03667120429924,hospital-road
345,672,380.4880335324745,hospital-road
345,657,170.827284704063,hospital-road
345,835,157.91619689098496,hospital-road
345,684,355.8609515902948,hospital-road
345,346,288.5455227914536,road-road
345,377,466.7455069700159,road-road
345,379,496.5228851868411,road-road
345,378,481.01595059639595,road-road
345,610,367.73520069276685,hospital-road
346,657,456.25657094553634,hospital-road
346,835,440.71981545790914,hospital-road
346,610,163.581427278025,hospital-road
346,710,414.84024748814176,hospital-road
346,347,363.4851674878767,road-road
347,610,381.63279022155854,hospital-road
347,710,56.339631427752664,hospital-road
347,670,360.6464536176315,hospital-road
347,348,164.35929632840444,road-road
348,710,111.77088620540779,hospital-road
348,670,384.7463121407185,hospital-road
349,720,474.9741292032916,hospital-road
349,681,424.96445920710994,hospital-road
349,878,382.55635437828823,hospital-road
349,387,481.40691560053284,road-road
349,350,22.03756073108852,road-road
349,743,246.16854038691713,hospital-road
349,571,486.7865788455342,hospital-road
349,621,443.87496621448724,hospital-road
349,672,224.13921135595487,hospital-road
349,657,434.57022140443235,hospital-road
349,835,450.76266777325935,hospital-road
350,720,496.6972677720369,hospital-road
350,681,445.2654290653948,hospital-road
350,878,402.2797699153283,hospital-road
350,387,483.2009571618499,road-road
350,713,499.04711713573573,hospital-road
350,743,249.4561946422898,hospital-road
350,571,465.59284767491505,hospital-road
350,621,422.08487044958423,hospital-road
350,672,209.4247653222309,hospital-road
350,657,421.7930937736425,hospital-road
350,835,438.47439155658486,hospital-road
351,475,476.82920710536786,road-road
351,458,491.1648371702473,road-road
351,457,490.7742913241069,road-road
351,476,475.9054367100669,road-road
351,459,489.9865589672447,road-road
351,477,474.7658593374403,road-road
351,498,347.2982856747928,road-road
351,497,345.922170286463,road-road
351,525,62.472225390433024,road-road
351,524,53.97439247053513,road-road
351,511,11.34190978447917,road-road
351,481,236.7077670467377,road-road
351,532,343.5361554384159,road-road
351,550,790.5575352061577,power-road
351,756,484.66451968748436,hospital-road
351,752,387.01897021830376,hospital-road
351,556,633.5089793811815,power-road
352,545,411.8754978917394,road-road
352,543,389.41132933256375,road-road
352,544,412.4457234354228,road-road
352,542,389.52292296235476,road-road
352,393,376.25154255240585,road-road
352,550,378.73003304248664,power-road
352,392,370.618547685151,road-road
352,494,80.35836032184721,road-road
352,493,222.177751419502,road-road
352,495,68.88882224981054,road-road
352,441,46.99892087880891,road-road
352,508,63.55496244308574,road-road
352,507,71.27907902559176,road-road
352,496,27.95190054826766,road-road
352,556,731.9427721495638,power-road
352,399,488.7935529101966,road-road
352,716,431.06213159431763,hospital-road
352,359,488.4321553425908,road-road
352,360,499.7341925509205,road-road
352,688,461.655785542784,hospital-road
352,462,487.6832693713688,road-road
356,357,21.325300388202542,road-road
356,576,357.0087985471755,hospital-road
356,694,326.8642276842921,hospital-road
357,576,336.49343729224444,hospital-road
357,694,346.4908871867121,hospital-road
358,692,438.02535508556366,hospital-road
358,607,495.32675473098385,hospital-road
358,431,166.10288427200754,road-road
358,557,755.4283171618802,power-road
358,834,274.8766364446009,hospital-road
358,432,150.03670425992271,road-road
358,728,304.10745296514966,hospital-road
358,706,416.6983538369112,hospital-road
358,646,295.08088870946165,hospital-road
359,545,496.30332208545565,road-road
359,543,497.25003384538525,road-road
359,542,487.006315735675,road-road
359,393,473.0653188679084,road-road
359,550,614.2958373694767,power-road
359,392,479.8431620204872,road-road
359,494,452.26056372056684,road-road
359,493,452.7263971708749,road-road
359,495,465.2970232340295,road-road
359,441,483.6690657671736,road-road
359,508,448.97811746920826,road-road
359,507,447.2366938767436,road-road
359,496,490.0455442562479,road-road
359,556,545.7341160429881,power-road
359,792,479.00725846540405,hospital-road
359,399,12.138559039001033,road-road
359,360,11.304150491626995,road-road
359,367,17.070895771376442,road-road
359,426,150.888366098655,road-road
359,688,180.84161363226198,hospital-road
359,462,23.86950250661501,road-road
359,876,363.68190562565513,hospital-road
359,363,253.3580770611362,road-road
359,778,375.55883078254124,hospital-road
359,808,425.61288067371163,hospital-road
359,813,482.094437050806,hospital-road
359,633,493.55855887007243,hospital-road
359,775,495.3246862245333,hospital-road
359,789,498.5978434116351,hospital-road
360,542,494.9323708181876,road-road
360,393,481.1362016161083,road-road
360,550,623.3680150142495,power-road
360,392,488.0542662312546,road-road
360,494,463.4669185512482,road-road
360,493,462.92596122708846,road-road
360,495,476.52615762359267,road-road
360,441,494.94075956351713,road-road
360,508,460.24066719478947,road-road
360,507,458.4801426203181,road-road
360,556,546.0859743042718,power-road
360,792,476.95379841852343,hospital-road
360,399,16.27880025799645,road-road
360,367,12.182333154579814,road-road
360,426,151.35897892898865,road-road
360,688,184.6655590065743,hospital-road
360,462,27.169347641462927,road-road
360,876,357.0602165154318,hospital-road
360,363,242.08034609066505,road-road
360,778,365.57000302340015,hospital-road
360,808,415.3688956966234,hospital-road
360,813,472.09930261784,hospital-road
360,633,482.32529615256374,hospital-road
360,775,484.1179061377504,hospital-road
360,789,487.38261396311157,hospital-road
362,757,282.0789084277795,hospital-road
362,364,77.71550110749236,road-road
362,564,451.2291823257982,hospital-road
362,844,204.0534370912279,hospital-road
362,565,223.768145985375,hospital-road
362,827,455.70416222470425,hospital-road
363,550,838.0229352534622,power-road
363,556,621.4622085265403,power-road
363,399,252.38979371463606,road-road
363,367,240.861872393886,road-road
363,426,303.9531909084911,road-road
363,688,345.6511629267208,hospital-road
363,462,257.82621742070637,road-road
363,876,311.0527100959042,hospital-road
363,778,206.62998576058172,hospital-road
363,808,236.30514916104462,hospital-road
363,813,270.0471504769599,hospital-road
363,633,248.25431401166836,hospital-road
363,775,251.76767565788694,hospital-road
363,789,254.42752497049227,hospital-road
363,772,454.98569863022107,hospital-road
364,757,342.6338504863899,hospital-road
364,564,413.5536105668837,hospital-road
364,844,229.9594482537745,hospital-road
364,565,246.16455389355227,hospital-road
364,827,460.5540635197308,hospital-road
365,655,234.38542943588433,hospital-road
365,661,46.1512022636113,hospital-road
365,796,460.57039520534147,hospital-road
365,709,471.9672915224927,hospital-road
365,788,113.33800040415701,hospital-road
365,652,135.50025256214502,hospital-road
365,853,311.36335791182375,hospital-road
365,747,60.886714390359565,hospital-road
365,578,82.49290842073616,hospital-road
365,854,79.17456316792557,hospital-road
365,802,475.5767853827602,hospital-road
365,848,28.615313502596173,hospital-road
366,547,758.6742070014255,power-road
366,548,992.2816267969581,power-road
366,469,284.1251147299851,road-road
366,505,53.87009311672455,road-road
366,416,29.048284857419414,road-road
366,506,42.352314512033374,road-road
366,417,14.17234998873902,road-road
366,836,74.53010117767728,hospital-road
366,541,11.35582229325623,road-road
366,859,381.51464292528374,hospital-road
366,470,463.04889997976653,road-road
367,393,490.13552554733207,road-road
367,550,631.1841280968629,power-road
367,392,496.9079175824632,road-road
367,494,465.8655679603209,road-road
367,493,468.84357878711944,road-road
367,495,478.7281555486354,road-road
367,441,496.6696298585534,road-road
367,508,462.0987926766849,road-road
367,507,460.5504338648885,road-road
367,556,558.2671696323796,power-road
367,792,488.83309358414914,hospital-road
367,399,11.529484642577629,road-road
367,426,163.5381473723018,road-road
367,688,173.6629515395911,hospital-road
367,462,38.51311970928279,road-road
367,876,366.6990853433657,hospital-road
367,778,370.9129759934398,hospital-road
367,808,420.11785829373986,hospital-road
367,813,465.8804320772166,hospital-road
367,633,483.18521726060226,hospital-road
367,775,485.21398137688703,hospital-road
367,789,488.40599659731265,hospital-road
368,631,439.6274620055712,hospital-road
368,418,268.66294143280214,road-road
368,683,189.93569544348964,hospital-road
369,830,374.37644968756604,hospital-road
369,846,288.1308605209074,hospital-road
369,597,377.9745024436331,hospital-road
369,878,410.9185372970366,hospital-road
369,669,105.67020346537377,hospital-road
369,831,91.53080167215916,hospital-road
369,737,60.010337204162184,hospital-road
369,371,243.31171362556563,road-road
369,386,229.9693816882901,road-road
369,372,23.69723555971669,road-road
369,370,12.79347477573778,road-road
369,387,271.5699763255108,road-road
370,830,387.09849264107356,hospital-road
370,846,280.69174039838,hospital-road
370,597,390.70115163824585,hospital-road
370,878,398.7284126870439,hospital-road
370,669,117.8469083573262,hospital-road
370,831,95.92798694413956,hospital-road
370,737,67.06892366880999,hospital-road
370,371,242.67026018177089,road-road
370,386,229.33281530924882,road-road
370,372,20.22450409333017,road-road
370,387,265.2386942039454,road-road
371,830,482.3706685685108,hospital-road
371,846,498.0738904947004,hospital-road
371,597,484.8378755110195,hospital-road
371,669,239.7403704747987,hospital-road
371,831,161.02903434073863,hospital-road
371,737,195.66544999076874,hospital-road
371,386,13.34507555523799,road-road
371,372,222.46847463589106,road-road
371,623,464.29872092567905,hospital-road
371,387,121.01395108271578,road-road
372,830,389.28579366403665,hospital-road
372,846,297.8089742181874,hospital-road
372,597,392.81559406064946,hospital-road
372,878,405.8218485602116,hospital-road
372,669,113.20166571641249,hospital-road
372,831,77.62995761975438,hospital-road
372,737,52.33560977976702,hospital-road
372,386,209.1292663329616,road-road
372,387,247.87411990701221,road-road
373,649,420.9795994942421,hospital-road
373,397,396.65230311271563,road-road
373,374,360.7475522461901,road-road
373,585,405.71943132845894,hospital-road
373,712,281.6608255355599,hospital-road
373,552,241.42233574444552,power-road
373,398,408.975577148651,road-road
373,375,329.7493317828932,road-road
373,639,373.6497785588879,hospital-road
373,874,363.0736037549412,hospital-road
373,584,360.6448861024153,hospital-road
373,833,234.9566794198779,hospital-road
373,620,405.75057413729763,hospital-road
374,649,89.6415599565276,hospital-road
374,472,361.7474485502665,road-road
374,397,47.90287310120358,road-road
374,585,68.21300085273825,hospital-road
374,712,86.7946169845926,hospital-road
374,552,531.0001653858254,power-road
374,398,50.31395061018266,road-road
374,375,51.272246664145065,road-road
374,639,227.56088712098992,hospital-road
374,874,237.578554422742,hospital-road
374,584,275.66532590754775,hospital-road
374,833,388.0480594062483,hospital-road
375,649,140.85718211368035,hospital-road
375,472,412.309185743668,road-road
375,397,99.05795089415687,road-road
375,585,119.43880648746668,hospital-road
375,712,48.126173594502205,hospital-road
375,552,485.8432108071331,power-road
375,398,97.69406251735604,road-road
375,639,182.66241869753304,hospital-road
375,874,190.96054080957734,hospital-road
375,584,227.4655295312172,hospital-road
375,833,338.3191867257786,hospital-road
376,552,507.31335153714326,power-road
376,639,376.530497656246,hospital-road
376,874,367.3717836413922,hospital-road
376,584,332.9124280188662,hospital-road
376,833,387.63412331190506,hospital-road
376,471,32.1218449740622,road-road
376,678,37.17796144194307,hospital-road
376,603,90.14067628429167,hospital-road
376,572,440.983762235925,hospital-road
377,657,476.7448762059719,hospital-road
377,835,459.10299160341486,hospital-road
377,684,256.67708899525525,hospital-road
377,379,37.265864301702806,road-road
377,378,15.992427743482867,road-road
377,628,328.2857835605648,hospital-road
377,685,398.3116669850927,hospital-road
378,657,487.57030878585294,hospital-road
378,835,470.1769154403113,hospital-road
378,684,260.9266723164418,hospital-road
378,379,21.78586015816744,road-road
378,628,325.8922992582619,hospital-road
378,685,394.2086550317661,hospital-road
379,657,496.8896921960719,hospital-road
379,835,479.9279492061371,hospital-road
379,684,261.0706400082169,hospital-road
379,628,331.0730308466722,hospital-road
379,685,396.84374723596,hospital-road
380,832,484.6546551601144,hospital-road
380,624,397.2166103142848,hospital-road
380,719,402.787824923622,hospital-road
380,826,353.1479660974862,hospital-road
380,382,12.989550520407809,road-road
380,558,318.0683060905647,hospital-road
380,720,398.81420155462297,hospital-road
380,846,415.17189114136283,hospital-road
380,626,464.01974977587,hospital-road
381,558,443.4441629505554,hospital-road
381,626,305.7384226400618,hospital-road
381,415,9.729460740527188,road-road
382,832,477.9767903572846,hospital-road
382,624,391.8625123826419,hospital-road
382,719,397.37111170787676,hospital-road
382,826,350.5538334495209,hospital-road
382,558,305.18826072338703,hospital-road
382,720,393.6418037399098,hospital-road
382,846,419.36551558823123,hospital-road
382,626,451.1922547079512,hospital-road
383,553,924.1057156624514,power-road
383,456,408.0917981694473,road-road
383,611,307.3223503364439,hospital-road
383,557,466.021762573164,power-road
383,385,10.327593826180697,road-road
383,384,20.997729818208544,road-road
383,729,457.59000904041284,hospital-road
383,730,389.1640465583677,hospital-road
383,455,386.38407056876264,road-road
383,453,380.89949449545117,road-road
383,454,400.37237792756497,road-road
383,474,446.682413226145,road-road
384,553,932.6870046228854,power-road
384,456,400.70319684263575,road-road
384,611,305.3432604044888,hospital-road
384,557,486.1211188038854,power-road
384,385,18.20308799123583,road-road
384,729,440.1734696666885,hospital-road
384,730,373.7587186962778,hospital-road
384,455,379.6348088904266,road-road
384,453,373.67255409476843,road-road
384,454,392.41658535069143,road-road
384,474,425.83787018715714,road-road
385,553,934.3701974156896,power-road
385,456,414.5453590638954,road-road
385,611,297.81006237244736,hospital-road
385,557,468.4026331203905,power-road
385,729,448.4027239655878,hospital-road
385,730,379.37576062054796,hospital-road
385,455,393.08421539530883,road-road
385,453,387.4096539017424,road-road
385,454,406.5910782219733,road-road
385,474,440.59369470776375,road-road
386,830,474.06022545593146,hospital-road
386,846,485.6527627341382,hospital-road
386,597,476.59099417073605,hospital-road
386,669,227.862931061055,hospital-road
386,831,148.0425851773137,hospital-road
386,737,182.5702037180595,hospital-road
386,623,476.6252325833527,hospital-road
386,387,121.464413618473,road-road
387,846,465.63305809943824,hospital-road
387,878,436.69127213619896,hospital-road
387,669,311.1169977066891,hospital-road
387,831,219.9246786302766,hospital-road
387,737,246.4649972301381,hospital-road
387,623,434.5221808335169,hospital-road
388,516,491.1512390784762,road-road
388,515,493.0352283325262,road-road
388,555,846.0896333436083,power-road
389,516,116.6179892004287,road-road
389,515,117.1236041888453,road-road
389,390,16.295398971050997,road-road
389,391,14.107594786939101,road-road
389,555,269.73515777201277,power-road
390,516,100.43553014749533,road-road
390,515,101.07965768794598,road-road
390,391,5.167485851023679,road-road
390,555,282.3837123995319,power-road
391,516,102.83209679255499,road-road
391,515,103.18820414909514,road-road
391,555,277.4840506669785,power-road
392,532,472.34860497525443,road-road
392,545,41.25695021129496,road-road
392,543,21.756390069717593,road-road
392,544,43.15962001356899,road-road
392,542,18.90438126144859,road-road
392,393,10.986681901067502,road-road
392,550,149.65327064758674,power-road
392,494,291.0951100811044,road-road
392,493,148.57309478146198,road-road
392,495,301.7305185317913,road-road
392,441,325.4872297423174,road-road
392,508,310.6466284375503,road-road
392,507,302.3589724304375,road-road
392,496,345.57656928240084,road-road
392,556,396.6044153358052,power-road
392,764,304.5984410492669,hospital-road
392,792,459.38816298495004,hospital-road
392,804,351.58641907714735,hospital-road
392,399,488.64671161420597,road-road
392,426,390.1367631814642,road-road
392,462,462.32380108339953,road-road
393,532,468.0607558708638,road-road
393,545,36.985943609177525,road-road
393,543,24.53936882527358,road-road
393,544,41.68104582807686,road-road
393,542,16.41193776094316,road-road
393,550,159.9156654548544,power-road
393,494,296.4288875523399,road-road
393,493,154.6744808779498,road-road
393,495,307.39963416491037,road-road
393,441,331.4852657953918,road-road
393,508,315.7130064048768,road-road
393,507,307.436089692174,road-road
393,496,351.5391239530142,road-road
393,556,386.6729156685479,power-road
393,764,295.5866531169345,hospital-road
393,792,448.5687514579056,hospital-road
393,804,342.32836341760725,hospital-road
393,399,482.0187065309602,road-road
393,426,381.21972475025586,road-road
393,462,455.2531265265252,road-road
394,396,308.4278782934696,road-road
394,395,192.62693474846003,road-road
395,396,125.4603527742376,road-road
396,765,499.2807908332946,hospital-road
396,782,472.76947303316166,hospital-road
396,803,459.1793854071006,hospital-road
396,767,442.81735956359336,hospital-road
396,503,415.48520491454747,road-road
396,527,394.37639728580547,road-road
396,771,472.0838394948609,hospital-road
396,815,490.12920780109505,hospital-road
396,528,425.60652630317736,road-road
396,504,427.3954709843786,road-road
396,529,430.281524105016,road-road
397,649,42.973131740909615,hospital-road
397,472,314.0244848412527,road-road
397,585,22.123736422768697,hospital-road
397,712,132.30667064797328,hospital-road
397,552,575.878029910527,power-road
397,398,22.42633342416612,road-road
397,639,269.6948830990254,hospital-road
397,874,280.95401334250397,hospital-road
397,584,320.13514391427697,hospital-road
397,833,435.57950925017434,hospital-road
398,649,56.53458530265211,hospital-road
398,472,315.5194563914128,road-road
398,585,39.56412913168316,hospital-road
398,712,137.04381515796632,hospital-road
398,552,581.1465219183846,power-road
398,639,258.16666937929324,hospital-road
398,874,270.4159353111972,hospital-road
398,584,310.49475676768185,hospital-road
398,833,436.00847118056714,hospital-road
399,542,496.1028402357464,road-road
399,550,622.0151963391876,power-road
399,494,454.47385770965053,road-road
399,493,458.5433302882185,road-road
399,495,467.3078812534836,road-road
399,441,485.19488871207443,road-road
399,508,450.63815557326683,road-road
399,507,449.11412667008653,road-road
399,496,491.09708450318004,road-road
399,556,557.8711291400342,power-road
399,792,490.83070872934246,hospital-road
399,426,163.02092647534545,road-road
399,688,169.50232121759095,hospital-road
399,462,36.00211208743139,road-road
399,876,373.2326366163467,hospital-road
399,778,380.9220995220592,hospital-road
399,808,430.418502939986,hospital-road
399,813,476.2069938147594,hospital-road
399,633,494.6022650352307,hospital-road
399,775,496.5981590430167,hospital-road
399,789,499.8008893706562,hospital-road
400,693,469.5515247042484,hospital-road
400,843,435.4627484379046,hospital-road
400,682,388.7753261684438,hospital-road
400,547,379.5779063869621,power-road
400,402,19.590184987147932,road-road
400,401,27.510219192255253,road-road
400,409,255.02694514464727,road-road
400,410,254.3661231593307,road-road
400,741,124.88457333738073,hospital-road
400,875,196.81513618630925,hospital-road
400,671,466.3674086314902,hospital-road
400,790,256.9737523028236,hospital-road
400,674,481.900820299853,hospital-road
400,619,309.6724508501544,hospital-road
400,791,306.9973217324434,hospital-road
400,667,491.68967428323515,hospital-road
401,693,448.5258503747544,hospital-road
401,842,499.10379987233677,hospital-road
401,843,442.61800436571224,hospital-road
401,682,374.74097408227715,hospital-road
401,547,381.01451170538087,power-road
401,402,22.502094604426066,road-road
401,409,253.58119978420885,road-road
401,410,253.72362689513778,road-road
401,741,136.98514043778854,hospital-road
401,875,222.03765486729267,hospital-road
401,671,479.7383669765732,hospital-road
401,790,284.44228392354165,hospital-road
401,619,334.698186040362,hospital-road
401,791,333.598702128949,hospital-road
402,693,450.64753558018504,hospital-road
402,842,487.9342902851184,hospital-road
402,843,422.97036799789976,hospital-road
402,682,396.3809388171727,hospital-road
402,547,395.7614092684521,power-road
402,409,238.25201415915504,road-road
402,410,237.9034044047352,road-road
402,741,143.85791730081905,hospital-road
402,875,214.17919662285044,hospital-road
402,671,485.75434200178734,hospital-road
402,790,268.07182781261866,hospital-road
402,674,491.7339140651754,hospital-road
402,619,313.8246940519245,hospital-road
402,791,322.5502310237402,hospital-road
402,667,497.8668841002265,hospital-road
403,759,449.15038580463056,hospital-road
403,749,108.3831424283729,hospital-road
403,406,157.79686910925213,road-road
403,405,70.0622167636318,road-road
403,404,20.635434074910904,road-road
403,758,241.4111890217632,hospital-road
403,617,188.89216370550375,hospital-road
403,473,434.68129559033844,road-road
403,871,411.8296858033994,hospital-road
403,606,492.24716506478615,hospital-road
403,763,479.7687803628695,hospital-road
404,759,459.17046082051746,hospital-road
404,749,123.6503906211279,hospital-road
404,406,178.10943241051402,road-road
404,405,65.7922462987616,road-road
404,758,251.22399853311666,hospital-road
404,617,173.22879940862651,hospital-road
404,473,414.2104103302355,road-road
404,871,391.62958474035895,hospital-road
404,606,472.3497123071349,hospital-road
404,763,473.246178091214,hospital-road
405,749,174.78591415652014,hospital-road
405,406,182.98696455423396,road-road
405,758,311.1853438202981,hospital-road
405,617,221.01336848361433,hospital-road
405,473,424.09164856891886,road-road
405,871,406.963428070726,hospital-road
405,606,490.74688056837255,hospital-road
406,627,450.35488722281303,hospital-road
406,759,430.01840272746995,hospital-road
406,749,133.52081515120102,hospital-road
406,758,250.70889851344742,hospital-road
406,617,336.65683988059635,hospital-road
407,551,496.00958276405555,power-road
407,644,263.32556347158163,hospital-road
407,711,455.21624398776623,hospital-road
407,680,367.7061388483462,hospital-road
407,689,263.9429840471379,hospital-road
407,636,410.0407476467906,hospital-road
407,600,206.68823448641913,hospital-road
407,537,277.9660608059921,road-road
407,538,321.16591362758845,road-road
407,698,469.6239342128673,hospital-road
407,408,15.268586139334491,road-road
407,539,451.5021613592647,road-road
407,686,393.8989317519435,hospital-road
408,551,511.2160946504319,power-road
408,644,277.99271294729647,hospital-road
408,711,449.0415813413584,hospital-road
408,680,364.7880924288501,hospital-road
408,689,249.58124358161373,hospital-road
408,636,395.0211437404479,hospital-road
408,600,207.10051369985706,hospital-road
408,537,273.5835739040068,road-road
408,538,316.31365069382053,road-road
408,698,473.05174843688695,hospital-road
408,539,446.7955998727454,road-road
408,686,378.8928929098406,hospital-road
409,864,465.22409889574897,hospital-road
409,693,340.11429025275663,hospital-road
409,716,422.2190567198982,hospital-road
409,842,260.2666509528347,hospital-road
409,843,212.64665233282008,hospital-road
409,547,633.9808655416316,power-road
409,410,7.431309609266665,road-road
409,741,377.2518354004058,hospital-road
409,875,394.6611881506629,hospital-road
409,790,370.7334830351478,hospital-road
409,619,329.0742594687957,hospital-road
409,791,465.52082550939866,hospital-road
410,864,472.65478955759016,hospital-road
410,693,347.486378652523,hospital-road
410,716,427.6728087308439,hospital-road
410,842,263.7532133060396,hospital-road
410,843,208.25580083671696,hospital-road
410,547,633.6569992272372,power-road
410,741,375.9467611614695,hospital-road
410,875,390.8646725377675,hospital-road
410,790,365.0933570699438,hospital-road
410,619,322.1734447789796,hospital-road
410,791,460.4105657520186,hospital-road
410,667,494.622871968766,hospital-road
411,583,444.3791782685333,hospital-road
411,656,195.0648288048586,hospital-road
411,537,429.4656605151431,road-road
411,538,385.4630267351727,road-road
411,698,429.29466290910955,hospital-road
411,539,258.898319907377,road-road
411,451,412.75829168552445,road-road
411,487,95.18329932926454,road-road
411,478,283.37616607343284,road-road
411,486,409.71116502332825,road-road
411,485,411.0729086294427,road-road
411,484,424.58026156671417,road-road
411,695,375.93577072670564,hospital-road
411,607,483.07718911618645,hospital-road
411,557,780.6304792173481,power-road
412,577,478.96308602938984,hospital-road
412,591,294.47148933181546,hospital-road
412,653,341.45742571637396,hospital-road
412,748,276.1552646997212,hospital-road
412,696,327.4208414042693,hospital-road
412,592,318.68253126781565,hospital-road
412,587,322.8940210476003,hospital-road
412,648,406.09889263807946,hospital-road
412,551,657.8872205394515,power-road
413,691,484.3943376297187,hospital-road
413,797,257.4210830186845,hospital-road
413,488,97.3189181870793,road-road
413,715,225.88581410747747,hospital-road
413,637,176.96579584599866,hospital-road
413,733,217.73380012237266,hospital-road
413,717,129.97861865776224,hospital-road
414,704,328.5357257142524,hospital-road
414,422,217.25756900322057,road-road
414,423,203.97135163698331,road-road
414,630,269.6210565819117,hospital-road
414,742,235.9761457798387,hospital-road
414,553,665.2483475140516,power-road
414,461,467.17013205957306,road-road
414,460,452.1958295503369,road-road
414,625,159.69672181189688,hospital-road
414,736,313.74131107521595,hospital-road
414,746,137.2778951341313,hospital-road
414,557,440.52711358905987,power-road
415,558,449.80784759180835,hospital-road
415,626,314.1121838885882,hospital-road
416,547,730.1199353826734,power-road
416,548,977.909228376729,power-road
416,469,268.9434642355572,road-road
416,505,25.061589818974305,road-road
416,506,14.466176122690399,road-road
416,417,20.727451039400826,road-road
416,836,49.31153545488172,hospital-road
416,541,37.08934105668818,road-road
416,859,409.83785431347206,hospital-road
416,470,491.8471229772399,road-road
417,547,750.0417944461705,power-road
417,548,978.8082585617518,power-road
417,469,270.4137402116545,road-road
417,505,43.335367114144724,road-road
417,506,35.19186289604738,road-road
417,836,69.80579994294459,hospital-road
417,541,17.525974926740457,road-road
417,859,389.82137140921003,hospital-road
417,470,472.3896285642879,road-road
418,631,195.86512721068513,hospital-road
418,683,95.13034168477675,hospital-road
419,552,493.3489467626959,power-road
419,645,36.40912896264518,hospital-road
419,420,13.134650807127016,road-road
419,620,376.1880080668233,hospital-road
419,701,38.83061049098335,hospital-road
419,614,273.8300882264645,hospital-road
419,873,260.04428713009605,hospital-road
420,552,484.5166023142764,power-road
420,645,48.60619179227177,hospital-road
420,620,364.6880637605099,hospital-road
420,701,25.967571904880444,hospital-road
420,614,269.2749112017404,hospital-road
420,873,258.06253831519456,hospital-road
421,864,165.66961799994564,hospital-road
421,443,49.62363141112619,road-road
421,693,302.39204481502924,hospital-road
421,716,464.3888004052296,hospital-road
421,442,40.602660212064755,road-road
421,547,876.8499440305762,power-road
422,704,134.19302884699516,hospital-road
422,636,388.710996050888,hospital-road
422,423,13.33963399277846,road-road
422,630,344.28814502583697,hospital-road
422,686,435.6283393129029,hospital-road
422,742,367.4613153039622,hospital-road
422,553,773.4369167485422,power-road
422,625,217.00046281647673,hospital-road
422,736,472.6475259653886,hospital-road
422,746,245.9329658430658,hospital-road
422,557,586.7942015488273,power-road
423,704,144.94943126852706,hospital-road
423,636,399.9720247333738,hospital-road
423,630,335.2581519789888,hospital-road
423,686,443.9516923327795,hospital-road
423,742,356.29663215349063,hospital-road
423,553,766.419956618026,power-road
423,625,208.33266859853978,hospital-road
423,736,462.2100172903657,hospital-road
423,746,235.67488217276127,hospital-road
423,557,575.8200385055088,power-road
424,849,209.04934011459787,hospital-road
424,850,202.1396329208449,hospital-road
424,718,334.5692277638188,hospital-road
424,447,325.9725822256936,road-road
424,499,327.98999429469114,road-road
424,434,147.7769156279916,road-road
424,445,240.02652450322535,road-road
424,446,244.64329577918267,road-road
424,425,18.07698840865934,road-road
424,433,148.8352571740199,road-road
424,622,360.9973303968094,hospital-road
425,849,204.25770981284154,hospital-road
425,850,186.2648117039468,hospital-road
425,718,324.4589929778522,hospital-road
425,447,330.3989873800688,road-road
425,499,333.53955022415613,road-road
425,434,151.04256114900008,road-road
425,445,245.87439016432066,road-road
425,446,251.05973975691413,road-road
425,433,154.50075047848551,road-road
425,622,377.4477752566134,hospital-road
426,545,395.98064570341234,road-road
426,543,403.38209290452374,road-road
426,544,407.0787083986858,road-road
426,542,392.27149369151056,road-road
426,550,536.7433176085997,power-road
426,494,456.72680257048006,road-road
426,493,409.4454279608205,road-road
426,495,471.5232727223856,road-road
426,441,494.8793714736527,road-road
426,508,460.454760331905,road-road
426,507,456.1542510776951,road-road
426,556,394.87428531905135,power-road
426,764,402.50520247234624,hospital-road
426,792,332.41721732516834,hospital-road
426,804,412.59448757778864,hospital-road
426,688,327.52601420650103,hospital-road
426,462,127.09055395785224,road-road
426,876,259.19174913419175,hospital-road
426,778,334.5008153777806,hospital-road
426,808,388.2786125840228,hospital-road
426,775,499.387486665464,hospital-road
427,567,344.81207595809536,hospital-road
427,708,392.78927803599345,hospital-road
427,602,419.79435895215084,hospital-road
427,589,173.90396717799527,hospital-road
427,628,400.86341265297807,hospital-road
427,428,6.165836645928044,road-road
427,520,71.27598418894293,road-road
427,519,70.87817256271389,road-road
427,685,328.4962433099929,hospital-road
427,568,120.33075998270873,hospital-road
428,567,343.32727811864146,hospital-road
428,708,390.1224468308719,hospital-road
428,602,417.7286810248208,hospital-road
428,589,175.3879105488423,hospital-road
428,628,396.21683924572767,hospital-road
428,520,70.86110851727074,road-road
428,519,70.97494421420542,road-road
428,685,324.2459811052456,hospital-road
428,568,118.85766823421835,hospital-road
429,647,400.1350655992076,hospital-road
429,448,256.30312547166307,road-road
429,879,309.47660732593323,hospital-road
429,687,392.68965862298046,hospital-road
429,546,292.20865969328037,road-road
429,438,98.07662973065516,road-road
429,430,115.18892626276889,road-road
429,855,355.923302275343,hospital-road
429,548,129.48533311464107,power-road
429,518,186.64157363130332,road-road
429,517,183.89498640944686,road-road
429,838,335.8242768937935,hospital-road
429,601,360.37438612793795,hospital-road
430,647,287.5454191360919,hospital-road
430,448,141.11922849999706,road-road
430,879,212.33543844324157,hospital-road
430,492,490.4952121784119,road-road
430,491,488.99861443778144,road-road
430,687,286.93747980969187,hospital-road
430,727,483.3759634243994,hospital-road
430,546,335.84632359349155,road-road
430,438,27.612142660400472,road-road
430,855,465.00480939952195,hospital-road
430,548,177.02443566836004,power-road
430,518,246.592293514802,road-road
430,517,239.46821628885104,road-road
430,838,356.07135065376644,hospital-road
430,601,375.8485741317972,hospital-road
431,692,403.1315499204533,hospital-road
431,611,387.3951247216908,hospital-road
431,557,616.4169087965237,power-road
431,834,109.63894949699333,hospital-road
431,432,16.091931044833096,road-road
431,728,284.9906112060878,hospital-road
431,646,280.73026686743964,hospital-road
432,692,402.7990835133839,hospital-road
432,611,402.9114991876841,hospital-road
432,557,628.7793302311927,power-road
432,834,125.40532554183842,hospital-road
432,728,283.5217220598702,hospital-road
432,646,278.70021438390006,hospital-road
433,849,357.78193940791397,hospital-road
433,850,321.7458874474607,hospital-road
433,718,265.440218711685,hospital-road
433,810,453.83702633470386,hospital-road
433,447,177.36776277914876,road-road
433,499,179.23513025144283,road-road
433,434,20.7482735724093,road-road
433,445,91.39637705072246,road-road
433,446,96.65491535333959,road-road
433,622,413.88072506290683,hospital-road
434,849,355.2904755995677,hospital-road
434,850,310.4328266257074,hospital-road
434,718,246.1936186178757,hospital-road
434,810,445.27012776605306,hospital-road
434,447,179.50907828874554,road-road
434,499,183.79203600482379,road-road
434,445,97.77195646986272,road-road
434,446,104.51317319515188,road-road
434,622,430.4740953410777,hospital-road
435,436,17.900572610451057,road-road
435,616,35.079613462770254,hospital-road
435,711,498.4330314116343,hospital-road
435,553,977.0718651959331,power-road
436,616,48.045348546393136,hospital-road
436,553,971.4863442016148,power-road
437,623,299.9913983703436,hospital-road
437,713,400.1079545803241,hospital-road
437,591,434.27097116103135,hospital-road
437,592,493.2038032250341,hospital-road
437,648,375.95490327411585,hospital-road
437,593,252.26581612553082,hospital-road
437,551,813.5912934092152,power-road
437,523,14.564258178368956,road-road
438,647,302.09682696016716,hospital-road
438,448,161.71703714515937,road-road
438,879,215.93884647083323,hospital-road
438,687,295.90067224557896,hospital-road
438,546,308.9124771487598,road-road
438,855,452.87186366708096,hospital-road
438,548,180.60473613036382,power-road
438,518,249.2788026442902,road-road
438,517,243.08057248558936,road-road
438,838,369.2883768027472,hospital-road
438,601,390.2023569225568,hospital-road
441,545,366.7180435975647,road-road
441,543,343.8873768240119,road-road
441,544,366.93105200763534,road-road
441,542,344.37941311862255,road-road
441,550,332.23326682546514,power-road
441,494,41.070281057686444,road-road
441,493,176.91768722705376,road-road
441,495,26.40504750193169,road-road
441,508,35.015938630099875,road-road
441,507,38.73726378944409,road-road
441,496,20.115680989698774,road-road
441,556,693.1045386331434,power-road
441,716,472.5508300891747,hospital-road
441,688,474.55432685582747,hospital-road
441,462,480.63314179018886,road-road
442,864,206.20487202307797,hospital-road
442,443,9.490672084667526,road-road
442,693,342.7937434167144,hospital-road
442,716,498.2323354991805,hospital-road
442,547,901.4626583916547,power-road
443,864,214.9707634299951,hospital-road
443,693,351.38829764585637,hospital-road
443,547,909.5618939704825,power-road
445,849,449.06116899570526,hospital-road
445,850,407.54038272300454,hospital-road
445,718,266.43375201321317,hospital-road
445,810,385.234153758313,hospital-road
445,663,467.62823304074664,hospital-road
445,447,88.36432560759692,road-road
445,499,87.99271082997136,road-road
445,446,9.558193623792128,road-road
445,622,461.2520842178238,hospital-road
445,691,448.1515921372598,hospital-road
445,809,491.79917422030377,hospital-road
446,849,453.67371846820197,hospital-road
446,850,414.772184610126,hospital-road
446,718,275.41247668944186,hospital-road
446,810,387.77903678326356,hospital-road
446,663,466.4038609995808,hospital-road
446,447,86.85015592526688,road-road
446,499,84.21655315585257,road-road
446,622,457.6208484351948,hospital-road
446,691,445.6153987161767,hospital-road
446,809,490.0602531728204,hospital-road
447,850,481.41982011657217,hospital-road
447,718,268.45564707548795,hospital-road
447,810,309.06861937494233,hospital-road
447,663,379.56318832076744,hospital-road
447,499,21.453451599653526,road-road
447,691,360.02763620629736,hospital-road
447,809,403.45689163296174,hospital-road
448,647,155.74991261636782,hospital-road
448,879,140.1637230140046,hospital-road
448,492,349.8507849155628,road-road
448,491,348.8364638918473,road-road
448,687,175.8676435453309,hospital-road
448,726,390.9429676653553,hospital-road
448,727,364.9700526000212,hospital-road
448,547,970.1893982160472,power-road
448,546,428.4281589958794,road-road
448,548,291.3700388225408,power-road
448,518,357.99386738000896,road-road
448,517,348.85712077116835,road-road
448,838,422.9929136743948,hospital-road
448,601,436.0117252704644,hospital-road
449,450,10.58254339782294,road-road
449,555,395.1438525969407,power-road
450,555,384.5670500579855,power-road
451,609,471.5176449823805,hospital-road
451,487,445.1568458484507,road-road
451,486,420.75931226569253,road-road
451,485,412.9559393547504,road-road
451,484,421.8767726567179,road-road
451,695,133.67104797875842,hospital-road
451,607,341.2581321706674,hospital-road
451,734,396.9156460126666,hospital-road
451,702,369.84005232032246,hospital-road
451,557,962.4672185809837,power-road
452,699,326.38166646756423,hospital-road
452,653,443.1690730405101,hospital-road
452,551,903.0235837159463,power-road
452,510,311.56736861656003,road-road
452,509,321.3812972408325,road-road
452,535,11.97792398239068,road-road
452,536,9.041835269029095,road-road
452,616,468.86632928083947,hospital-road
452,711,382.81110329590757,hospital-road
452,680,410.107520419125,hospital-road
453,553,708.925431753694,power-road
453,862,439.03806049304274,hospital-road
453,861,449.47350621794004,hospital-road
453,863,403.8534080617343,hospital-road
453,599,439.53238207184467,hospital-road
453,531,297.73310938860976,road-road
453,456,27.309122205042463,road-road
453,745,286.52585707433093,hospital-road
453,557,764.7033938586528,power-road
453,455,10.810754972685725,road-road
453,454,23.929939263395045,road-road
454,553,715.1362100350854,power-road
454,862,441.3347734657404,hospital-road
454,861,454.3964657261426,hospital-road
454,863,406.473582529055,hospital-road
454,599,445.0791678293842,hospital-road
454,531,302.5084901354451,road-road
454,456,14.108966483494443,road-road
454,745,283.40660292484966,hospital-road
454,557,788.3949547489577,power-road
454,455,27.397344584107397,road-road
454,714,495.8671936150183,hospital-road
455,553,698.2043623961864,power-road
455,862,428.24079205575936,hospital-road
455,861,438.6846246224248,hospital-road
455,863,393.0506967721874,hospital-road
455,599,428.7656424083555,hospital-road
455,531,286.93287237824967,road-road
455,456,24.893344025096308,road-road
455,745,276.1857954245714,hospital-road
455,557,765.0509028129806,power-road
456,553,701.440847950532,power-road
456,862,427.2781255227252,hospital-road
456,861,440.56240596411465,hospital-road
456,863,392.4385575903884,hospital-road
456,599,431.3268850973797,hospital-road
456,531,288.69860523159105,road-road
456,745,269.41786205023885,hospital-road
456,557,789.9383861596632,power-road
457,549,901.9188633197695,power-road
457,465,96.82776664417223,road-road
457,475,16.494063447466463,road-road
457,464,106.8409719438978,road-road
457,458,7.499518497262795,road-road
457,476,14.903774716376597,road-road
457,459,13.75616297911146,road-road
457,477,20.5336174442184,road-road
457,498,143.93776515900998,road-road
457,497,144.91427959324872,road-road
457,525,428.66575291014317,road-road
457,524,436.8589656579102,road-road
457,752,473.31192017216364,hospital-road
458,549,894.4279996644915,power-road
458,465,96.86720659659943,road-road
458,475,14.406758811551232,road-road
458,464,107.46347749217654,road-road
458,476,16.529831377521734,road-road
458,459,21.253935637838556,road-road
458,477,26.041482507162023,road-road
458,498,143.96139869133816,road-road
458,497,145.62410536109098,road-road
458,525,428.95467652977965,road-road
458,524,437.2973599805678,road-road
458,752,479.06790414426956,hospital-road
459,549,915.6720315801118,power-road
459,465,98.61730461944663,road-road
459,475,25.924088422368186,road-road
459,464,107.43127850387202,road-road
459,476,20.24270248600744,road-road
459,477,15.23495528661175,road-road
459,498,144.5399147954905,road-road
459,497,144.24870431038497,road-road
459,525,428.107686392817,road-road
459,524,436.0200609853947,road-road
459,752,462.6442010407835,hospital-road
460,723,395.70491079522805,hospital-road
460,566,391.4816700329258,hospital-road
460,468,416.28595990403795,road-road
460,553,228.0850114540931,power-road
460,461,15.250972093020648,road-road
460,862,408.819347173484,hospital-road
460,861,362.4794210381019,hospital-road
460,863,424.572173179044,hospital-road
460,599,360.7151811544364,hospital-road
460,625,334.57488630017383,hospital-road
460,736,196.15549561035067,hospital-road
460,531,479.5156757845744,road-road
460,746,325.3416398367806,hospital-road
460,557,821.473700352077,power-road
461,723,380.8418834610797,hospital-road
461,566,376.24517023819755,hospital-road
461,468,405.6075080403501,road-road
461,553,216.04899192917574,power-road
461,862,406.3482788277457,hospital-road
461,861,360.87239467281273,hospital-road
461,863,423.2487962398468,hospital-road
461,599,359.75131854518924,hospital-road
461,625,348.22369446798484,hospital-road
461,736,210.1456543473927,hospital-road
461,531,481.3727755247843,road-road
461,746,339.8016303827574,hospital-road
461,557,836.417859260492,power-road
462,545,477.55076381396765,road-road
462,543,479.28650376158544,road-road
462,544,487.99391228582346,road-road
462,542,468.89728943991906,road-road
462,550,598.8241941359562,power-road
462,494,447.9256555647479,road-road
462,493,441.21499372963865,road-road
462,495,461.33684861454174,road-road
462,508,445.7447950954842,road-road
462,507,443.5770798538204,road-road
462,496,487.93412744058736,road-road
462,556,521.9017986829388,power-road
462,792,456.0446895326305,hospital-road
462,688,203.11186575388743,hospital-road
462,876,345.99358554836397,hospital-road
462,778,366.81620492298754,hospital-road
462,808,417.9037074767858,hospital-road
462,813,495.1055942878189,hospital-road
462,633,493.29114947535516,hospital-road
462,775,494.59972439590837,hospital-road
462,789,498.0065938917225,hospital-road
463,841,273.9135119164556,hospital-road
463,563,238.72441319382787,hospital-road
463,533,324.65598476247385,road-road
463,534,325.6307533439301,road-road
464,549,908.2592145985695,power-road
464,465,13.006962747774363,road-road
464,475,121.8298902681154,road-road
464,476,121.74058748461185,road-road
464,477,122.59086692789319,road-road
464,498,250.7591606149229,road-road
464,497,251.33278935329554,road-road
465,549,899.2471872956748,power-road
465,475,111.27375711810393,road-road
465,476,111.71098607648568,road-road
465,477,113.59078378998068,road-road
465,498,240.6735557756564,road-road
465,497,241.70529015895463,road-road
466,553,691.0769116473781,power-road
466,502,467.5300010319077,road-road
466,595,261.175511533629,hospital-road
466,480,216.76732225775473,road-road
466,740,298.9751352595214,hospital-road
466,629,437.88323536565923,hospital-road
468,723,225.3870217148692,hospital-road
468,566,292.74118871634437,hospital-road
468,553,193.17717633233806,power-road
468,862,246.94599075067907,hospital-road
468,861,258.26378332589326,hospital-road
468,863,282.118356374219,hospital-road
468,599,273.08644999105945,hospital-road
468,531,391.84112878716746,road-road
468,595,300.05378546246936,hospital-road
468,480,324.0447031286257,road-road
468,745,398.4922229082413,hospital-road
469,724,404.48057497084375,hospital-road
469,547,695.1860280347616,power-road
469,548,708.965771815401,power-road
469,601,477.7909580716158,hospital-road
469,505,253.658901813881,road-road
469,506,269.15526820219964,road-road
469,836,280.40644159584485,hospital-road
469,541,280.7622312876183,road-road
470,541,455.0343850348485,road-road
470,859,91.12377787642195,hospital-road
471,552,516.7138851449379,power-road
471,639,407.1200387038447,hospital-road
471,874,397.5464070867666,hospital-road
471,584,362.32894419785714,hospital-road
471,833,405.88269456412854,hospital-road
471,678,45.423966586774405,hospital-road
471,603,82.23466538003818,hospital-road
471,572,412.53555064570895,hospital-road
472,649,275.4162337568725,hospital-road
472,585,295.82392301420737,hospital-road
472,712,445.11443315798266,hospital-road
472,552,883.5942171813947,power-road
473,617,290.8033870111231,hospital-road
473,871,39.87265674503618,hospital-road
473,606,86.36307674733328,hospital-road
473,763,481.5968475495338,hospital-road
473,555,772.5986327546889,power-road
474,611,476.43322823284717,hospital-road
474,557,892.8495653533774,power-road
474,729,207.19087474619155,hospital-road
474,730,257.14925665918486,hospital-road
474,714,464.9970117550729,hospital-road
474,731,314.6282138927141,hospital-road
475,549,894.6884747162214,power-road
475,476,7.724413032378644,road-road
475,477,21.437044089100528,road-road
475,498,129.59100606939268,road-road
475,497,131.4180576912257,road-road
475,525,414.60235796311855,road-road
475,524,422.9730644479229,road-road
475,511,486.72083675285097,road-road
475,752,470.4587103889962,hospital-road
476,549,902.4128846954418,power-road
476,477,13.713133488576222,road-road
476,498,129.03399046245215,road-road
476,497,130.08075621772537,road-road
476,525,413.78345162105313,road-road
476,524,421.9961421087689,road-road
476,511,485.88428532171224,road-road
476,752,464.10943130871084,hospital-road
477,549,916.1248099116137,power-road
477,498,129.37710887204992,road-road
477,497,129.01374913239513,road-road
477,525,412.87721650120284,road-road
477,524,420.80079182135404,road-road
477,511,484.894089848478,road-road
477,752,453.0588912024501,hospital-road
478,656,348.44402948895237,hospital-road
478,537,434.17847719946883,road-road
478,538,399.5806974833871,road-road
478,539,339.186473831747,road-road
478,630,430.1684837768813,hospital-road
478,487,207.42875019896871,road-road
478,686,378.29783969726145,hospital-road
478,486,424.86583176745427,road-road
478,485,432.1489493160911,road-road
478,484,441.2336723311036,road-road
478,557,558.7964135306771,power-road
479,549,628.0896628422669,power-road
479,526,10.098308913999258,road-road
479,550,916.7956592936071,power-road
480,723,354.33507582316906,hospital-road
480,566,408.0473226432553,hospital-road
480,553,484.1947363277764,power-road
480,595,46.45354092054657,hospital-road
480,740,423.22409458890166,hospital-road
481,525,299.175885391478,road-road
481,524,290.2988783804732,road-road
481,511,227.34999044191542,road-road
481,532,114.00178760389639,road-road
481,550,605.5883875018662,power-road
481,556,399.8570291660525,power-road
481,764,372.0833277233124,hospital-road
481,804,363.91260699038736,hospital-road
482,658,413.6129462310797,hospital-road
482,845,420.53182113979517,hospital-road
482,802,485.0660874783438,hospital-road
482,483,13.103753184604432,road-road
482,780,19.327011024753972,hospital-road
482,540,202.59027030470574,road-road
482,490,213.92085644132726,road-road
482,489,184.2375419734403,road-road
482,811,226.14080513112293,hospital-road
482,781,401.4265784612621,hospital-road
482,777,462.08918808473004,hospital-road
483,658,411.9484336845826,hospital-road
483,845,422.37327458878593,hospital-road
483,802,482.3683511542411,hospital-road
483,780,32.18835752357286,hospital-road
483,540,204.4410501367545,road-road
483,490,219.80246121298015,road-road
483,489,184.39642412658665,road-road
483,811,229.92952272200003,hospital-road
483,781,411.8814936928564,hospital-road
483,777,475.00496458333924,hospital-road
484,487,361.26389202598915,road-road
484,486,16.71548019427647,road-road
484,485,13.7088565904264,road-road
484,692,134.49128410308396,hospital-road
484,695,288.6131327823864,hospital-road
484,607,143.0505476556148,hospital-road
484,557,549.7107582489043,power-road
485,487,348.42081677949477,road-road
485,486,9.908470126630649,road-road
485,692,148.0502530151865,hospital-road
485,695,280.07493208760405,hospital-road
485,607,145.1033897387077,hospital-road
485,557,555.7408342324392,power-road
486,487,345.248149044786,road-road
486,692,146.7417449831912,hospital-road
486,695,288.1479534597333,hospital-road
486,607,154.7843232550448,hospital-road
486,557,546.8005010020944,power-road
487,656,258.84742467032004,hospital-road
487,537,459.6386593614795,road-road
487,538,416.3082447645158,road-road
487,539,302.3158114255044,road-road
487,692,483.32058275405285,hospital-road
487,695,379.70410687477704,hospital-road
487,607,443.0296168590882,hospital-road
487,557,685.454068530881,power-road
488,663,472.80573557356166,hospital-road
488,786,498.23189878843164,hospital-road
488,691,417.62758043181174,hospital-road
488,809,442.5512338332646,hospital-road
488,797,161.31562605048543,hospital-road
488,715,300.31318111545124,hospital-road
488,637,210.2648424089601,hospital-road
488,733,286.86388619743616,hospital-road
488,717,164.39249594624783,hospital-road
489,780,180.89177738968132,hospital-road
489,540,31.5921348247302,road-road
489,490,95.57795999340246,road-road
489,811,72.21238911154029,hospital-road
489,781,327.9272591745855,hospital-road
489,777,471.4584829328616,hospital-road
490,780,202.20610558309502,hospital-road
490,540,69.02098939047855,road-road
490,811,39.83470123408436,hospital-road
490,781,232.86114063857153,hospital-road
490,777,382.0879109463851,hospital-road
490,814,481.45773341249645,hospital-road
491,647,242.63045733021048,hospital-road
491,879,375.67275511182464,hospital-road
491,492,14.315109583471203,road-road
491,687,297.6109298008869,hospital-road
491,725,412.04292409189816,hospital-road
491,726,185.05641596678586,hospital-road
491,727,189.3634208331071,hospital-road
491,643,449.8901929003302,hospital-road
491,547,812.5168914813369,power-road
491,548,611.4813961902154,power-road
492,647,238.18872075988537,hospital-road
492,879,371.2552912796402,hospital-road
492,687,291.3057805859603,hospital-road
492,725,426.35662254473414,hospital-road
492,726,199.36686803838458,hospital-road
492,727,203.55767204806733,hospital-road
492,643,464.16256396779767,hospital-road
492,547,826.0473484393013,power-road
492,548,616.194428068109,power-road
493,545,189.81279558595244,road-road
493,543,167.246293794286,road-road
493,544,190.2749243815327,road-road
493,542,167.4689674819114,road-road
493,550,191.03748836187228,power-road
493,494,143.21850937243613,road-road
493,495,153.30424485163235,road-road
493,508,163.34408168082646,road-road
493,507,155.07008081178122,road-road
493,496,197.00401134429555,road-road
493,556,527.4154099226121,power-road
493,764,444.65895396065014,hospital-road
493,804,489.5428724494484,hospital-road
494,545,332.32972414468856,road-road
494,543,310.2896029789291,road-road
494,544,333.2812215871166,road-road
494,542,309.98799374482996,road-road
494,550,312.0173761611604,power-road
494,495,15.09906426157381,road-road
494,508,21.151289368427456,road-road
494,507,13.676993848049053,road-road
494,496,58.81526010700878,road-road
494,556,653.1648851874687,power-road
494,716,484.7528884422337,hospital-road
494,688,455.5729286112976,hospital-road
495,545,342.9874504349468,road-road
495,543,320.54767957850913,road-road
495,544,343.578563720762,road-road
495,542,320.6348995276938,road-road
495,550,316.3295388013584,power-road
495,508,21.246335632632476,road-road
495,507,18.829777556512077,road-road
495,496,45.17710680527537,road-road
495,556,666.8936211177631,power-road
495,716,482.7175321035275,hospital-road
495,688,464.6594884649416,hospital-road
496,545,386.81131024509165,road-road
496,543,363.999966505593,road-road
496,544,387.0436868219293,road-road
496,542,364.4706612926626,road-road
496,550,350.80443731565106,power-road
496,508,47.15330226766507,road-road
496,507,53.20300365593124,road-road
496,556,711.9144752052251,power-road
496,716,457.54905126035374,hospital-road
496,688,473.4447729613294,hospital-road
497,549,930.0258743565238,power-road
497,498,13.312835250106861,road-road
497,525,283.9201628336437,road-road
497,524,291.9843916954932,road-road
497,511,355.97711807547387,road-road
497,752,386.6940454181778,hospital-road
497,556,973.7360735374667,power-road
498,549,916.8707292811141,power-road
498,525,285.0286494024038,road-road
498,524,293.48963215478915,road-road
498,511,357.1483170128798,road-road
498,752,399.0961471857407,hospital-road
498,556,976.8647882272245,power-road
499,850,489.9606867920295,hospital-road
499,718,288.85055439235094,hospital-road
499,810,323.91239213296393,hospital-road
499,663,385.0319651555973,hospital-road
499,691,361.8799388400596,hospital-road
499,809,407.5050866986767,hospital-road
500,705,66.01311779987583,hospital-road
500,828,101.7068143545926,hospital-road
500,501,19.511065493230227,road-road
500,567,325.0429385725554,hospital-road
500,721,49.4493245881587,hospital-road
500,708,318.1714653582011,hospital-road
500,602,270.7109871635182,hospital-road
500,690,54.53616247906348,hospital-road
501,705,53.383316313485864,hospital-road
501,828,82.44813532163117,hospital-road
501,567,328.8571583768499,hospital-road
501,721,68.76731853775073,hospital-road
501,708,327.0052518146324,hospital-road
501,602,278.56630000782616,hospital-road
501,690,36.36460447889148,hospital-road
502,634,310.9463148808667,hospital-road
502,858,321.49495929282324,hospital-road
502,642,54.91242380053743,hospital-road
502,604,222.67043603880165,hospital-road
503,798,177.5620159694834,hospital-road
503,783,336.47780398839,hospital-road
503,784,436.60265762047845,hospital-road
503,770,414.2649850939852,hospital-road
503,787,470.2827258977902,hospital-road
503,779,349.29976682424257,hospital-road
503,765,338.12735238453314,hospital-road
503,782,301.21540165052807,hospital-road
503,803,300.11852338583674,hospital-road
503,767,96.75794771591838,hospital-road
503,527,92.42400291044626,road-road
503,771,151.5926925328056,hospital-road
503,815,257.8513854286689,hospital-road
503,528,80.4077254414328,road-road
503,638,256.5443722875679,hospital-road
503,504,87.21505295894718,road-road
503,529,80.50038170670985,road-road
504,798,225.02828158835757,hospital-road
504,783,265.0115331571682,hospital-road
504,779,436.09746809964383,hospital-road
504,765,424.9894311150774,hospital-road
504,782,387.8912916755862,hospital-road
504,803,386.28966480371395,hospital-road
504,767,182.96431894759314,hospital-road
504,527,33.779662428318375,road-road
504,771,67.77414896743385,hospital-road
504,815,170.68940711244332,hospital-road
504,528,6.811720090257966,road-road
504,638,171.18947064290563,hospital-road
504,529,8.227734195086253,road-road
505,547,706.8802306737896,power-road
505,548,962.0804146019506,power-road
505,506,16.55477489858661,road-road
505,836,37.54085650223002,hospital-road
505,541,60.75004012805934,road-road
505,859,432.986890626346,hospital-road
506,547,716.3299864459365,power-road
506,548,977.836109599734,power-road
506,836,35.10105398666615,hospital-road
506,541,51.23776157425083,road-road
506,859,423.7734337794149,hospital-road
507,545,343.54770221460734,road-road
507,543,321.80091003850936,road-road
507,544,344.7515156205884,road-road
507,542,321.2290081220885,road-road
507,550,325.60083941059276,power-road
507,508,8.290311638813153,road-road
507,556,660.7714994909172,power-road
507,716,471.07599066712174,hospital-road
507,688,445.9490335550623,hospital-road
508,545,351.8336025050791,road-road
508,543,330.09109270550493,road-road
508,544,353.0418259683846,road-road
508,542,329.5158482540465,road-road
508,550,333.0853908738574,power-road
508,556,668.38977669514,power-road
508,716,464.07610890935405,hospital-road
508,688,444.3341827237055,hospital-road
509,608,262.48016899136985,hospital-road
509,699,229.37659502149575,hospital-road
509,653,402.1589445622148,hospital-road
509,510,18.88082568913216,road-road
509,535,315.4683341595704,road-road
509,536,324.6605754525548,road-road
510,608,261.1742642879287,hospital-road
510,699,211.03873925091673,hospital-road
510,653,384.18077046553844,hospital-road
510,535,305.13143343830683,road-road
510,536,314.4186973834022,road-road
511,525,72.11966772220782,road-road
511,524,64.35697245542462,road-road
511,532,333.3452978818732,road-road
511,550,779.2165646719553,power-road
511,756,492.53384444064886,hospital-road
511,752,396.3181506705977,hospital-road
511,556,624.9838262465502,power-road
512,513,17.49620322815547,road-road
512,877,309.25194213587946,hospital-road
512,627,323.20820213945154,hospital-road
513,877,319.5811607091996,hospital-road
513,627,330.60027235883854,hospital-road
514,586,488.28891476286356,hospital-road
514,655,372.65405768961796,hospital-road
514,796,135.61994089201312,hospital-road
514,709,97.36917808327684,hospital-road
514,559,59.81810821667984,hospital-road
514,662,157.2721580893948,hospital-road
514,794,376.9387268895381,hospital-road
514,652,478.4779713598371,hospital-road
514,853,219.9869459823576,hospital-road
514,747,469.0303501931468,hospital-road
514,578,448.37821152700946,hospital-road
514,854,499.47979854244994,hospital-road
515,516,6.329839489925105,road-road
515,555,357.0625966768651,power-road
516,555,360.16863853607447,power-road
517,879,450.68753705711924,hospital-road
517,546,464.4183836012522,road-road
517,855,290.54121575788474,hospital-road
517,548,62.596381503356575,power-road
517,518,10.613690593347906,road-road
517,838,162.72046937117068,hospital-road
517,851,427.63010084881074,hospital-road
517,601,189.33571826900018,hospital-road
518,879,458.2565012741035,hospital-road
518,546,464.04218236946684,road-road
518,855,280.0592605893534,hospital-road
518,548,69.6069298197527,power-road
518,838,165.8405104497369,hospital-road
518,851,419.7928334315093,hospital-road
518,601,192.66477679390894,hospital-road
519,567,413.3994339627081,hospital-road
519,708,456.77077215401926,hospital-road
519,602,486.41001500238036,hospital-road
519,589,243.79539192313118,hospital-road
519,628,356.92978823437653,hospital-road
519,520,5.895119528132155,road-road
519,685,280.2366373149697,hospital-road
519,568,54.111311882125904,hospital-road
520,567,412.2325678761442,hospital-road
520,708,454.59478659435905,hospital-road
520,602,484.71937842247985,hospital-road
520,589,244.84394259537828,hospital-road
520,628,351.97055880712355,hospital-road
520,685,275.5086566825016,hospital-road
520,568,51.12432152316457,hospital-road
521,530,113.88903066218646,road-road
521,522,12.18862483026832,road-road
521,677,88.59950403918286,hospital-road
521,827,402.7228201583973,hospital-road
522,530,115.95442969892227,road-road
522,677,99.31769050650409,hospital-road
522,827,396.289037948229,hospital-road
523,623,287.1518142928433,hospital-road
523,713,385.6656231135464,hospital-road
523,591,448.4902070843868,hospital-road
523,648,387.6931828225739,hospital-road
523,593,263.13187265404446,hospital-road
523,551,819.8970722960505,power-road
524,525,11.957859529045281,road-road
524,532,397.5092114628036,road-road
524,550,839.6641342593965,power-road
524,756,471.345580305198,hospital-road
524,752,364.32622994565526,hospital-road
524,556,685.8145918534512,power-road
525,532,405.39382738416714,road-road
525,550,843.2848861420897,power-road
525,756,478.78259625532263,hospital-road
525,752,370.08195655703696,hospital-road
525,556,695.6080486635954,power-road
526,549,628.4746651109419,power-road
526,550,908.3957730881201,power-road
527,798,250.09873488243412,hospital-road
527,783,288.731144467561,hospital-road
527,779,433.27187174411233,hospital-road
527,765,422.4446247867295,hospital-road
527,782,384.8764369449652,hospital-road
527,803,381.9871367300662,hospital-road
527,767,188.54580627298262,hospital-road
527,771,88.0782939564179,hospital-road
527,815,173.73357547768808,hospital-road
527,528,33.99383766945156,road-road
527,638,183.68749665596732,hospital-road
527,529,38.742199502777396,road-road
528,798,220.62687913054557,hospital-road
528,783,270.4056751961961,hospital-road
528,770,494.6726053933452,hospital-road
528,779,429.29549104158326,hospital-road
528,765,418.18495963226434,hospital-road
528,782,381.0935441991669,hospital-road
528,803,379.51389781336906,hospital-road
528,767,176.22667858277245,hospital-road
528,771,74.12345096092943,hospital-road
528,815,177.48153131582404,hospital-road
528,638,177.843951773431,hospital-road
528,529,4.801315021928757,road-road
529,798,217.0328081583539,hospital-road
529,783,267.4277397403918,hospital-road
529,770,494.65237235434574,hospital-road
529,779,429.7095288670783,hospital-road
529,765,418.5643015049654,hospital-road
529,782,381.5621561525514,hospital-road
529,803,380.1687988706638,hospital-road
529,767,175.69948983465153,hospital-road
529,771,72.47785457223775,hospital-road
529,815,177.77442277791383,hospital-road
529,638,176.77354725241375,hospital-road
530,564,411.2549377198798,hospital-road
530,677,93.13442644754683,hospital-road
530,827,322.82811298804756,hospital-road
531,553,413.0244216989785,power-road
531,862,145.21780084688652,hospital-road
531,861,151.90878606203214,hospital-road
531,863,109.80488830920461,hospital-road
531,599,142.76568320988812,hospital-road
531,736,416.11396915332034,hospital-road
531,745,97.72301997387707,hospital-road
531,557,815.5487127190299,power-road
532,545,431.3848845474837,road-road
532,543,452.6511644823242,road-road
532,544,429.7156996701305,road-road
532,542,453.5738557636103,road-road
532,550,500.264310264934,power-road
532,556,315.48142288003794,power-road
532,764,268.663873581323,hospital-road
532,792,441.31757620624705,hospital-road
532,804,269.09450863388366,hospital-road
533,534,11.79381421998312,road-road
535,699,315.01291693848685,hospital-road
535,653,431.19563976641456,hospital-road
535,551,896.8657861231651,power-road
535,536,9.433898574889318,road-road
535,616,480.81220540054477,hospital-road
535,711,388.49490420689574,hospital-road
535,680,412.3183509092317,hospital-road
536,699,323.2586304964165,hospital-road
536,653,437.3487186504323,hospital-road
536,551,894.0642459326575,power-road
536,616,475.1034111649505,hospital-road
536,711,379.2981679628318,hospital-road
536,680,404.2072770805483,hospital-road
537,551,658.0142390673773,power-road
537,644,479.70746334376025,hospital-road
537,689,386.91375775763646,hospital-road
537,636,462.1376368867182,hospital-road
537,600,478.3142848319544,hospital-road
537,656,254.72950987243217,hospital-road
537,538,44.03047864289835,road-road
537,698,268.90133501201285,hospital-road
537,539,173.5876820569383,road-road
537,686,357.07975033634744,hospital-road
537,557,973.0917955456363,power-road
538,551,695.8362962856177,power-road
538,689,413.74560748250263,hospital-road
538,636,476.54264167574934,hospital-road
538,656,213.01053641134047,hospital-road
538,698,259.96139463327813,hospital-road
538,539,130.48843798819212,road-road
538,686,361.6709742479063,hospital-road
538,557,945.0440568046855,power-road
539,551,795.5808548522068,power-road
539,583,441.85673230731373,hospital-road
539,656,84.86863432726443,hospital-road
539,698,246.35767647567488,hospital-road
539,686,429.9750959349758,hospital-road
539,557,897.925853151207,power-road
540,780,196.63226591157334,hospital-road
540,811,40.820597290203125,hospital-road
540,781,298.92546702415336,hospital-road
540,777,450.01831213995257,hospital-road
541,547,767.1527618366755,power-road
541,548,988.0878991860288,power-road
541,836,84.66371114897935,hospital-road
541,859,372.76567444054757,hospital-road
542,545,22.35258101622078,road-road
542,543,11.254366358222045,road-road
542,544,25.393257059666315,road-road
542,550,153.59157935212681,power-road
542,556,381.24553561487886,power-road
542,764,287.65681085634054,hospital-road
542,792,447.4565668803111,hospital-road
542,804,334.9707464425505,hospital-road
543,545,25.262094264956865,road-road
543,544,23.0437481528825,road-road
543,550,142.70042593994225,power-road
543,556,388.2642072666688,power-road
543,764,293.2114153951001,hospital-road
543,792,456.5224107082837,hospital-road
543,804,340.85204240780763,hospital-road
544,545,11.231935705254369,road-road
544,550,150.89929644409878,power-road
544,556,370.3291438944123,power-road
544,764,273.3093972141526,hospital-road
544,792,442.92529867668804,hospital-road
544,804,321.29591570450594,hospital-road
545,550,160.97988594841684,power-road
545,556,363.53801068383024,power-road
545,764,267.9808111832077,hospital-road
545,792,434.01613695554107,hospital-road
545,804,315.6746194743995,hospital-road
546,879,370.26717189824353,hospital-road
546,687,457.2727965241568,hospital-road
546,855,496.0197753344783,hospital-road
546,548,418.77608294019063,power-road
547,841,1816.9767498273197,hospital-power
547,563,1825.7529799107658,hospital-power
547,864,799.9106314990636,hospital-power
547,764,1924.0918886909315,hospital-power
547,792,1881.9285437368576,hospital-power
547,804,1947.9188711235108,hospital-power
547,693,770.4591537393933,hospital-power
547,716,982.371580870774,hospital-power
547,842,877.5754336387774,hospital-power
547,688,1224.9102807177387,hospital-power
547,843,808.7708860129867,hospital-power
547,876,1733.7771168557706,hospital-power
547,778,1654.5043624344432,hospital-power
547,808,1677.2140476222983,hospital-power
547,813,1331.1504965392528,hospital-power
547,633,1606.1517085846356,hospital-power
547,775,1615.0207672862782,hospital-power
547,789,1614.439198994141,hospital-power
547,772,1665.842243125179,hospital-power
547,768,1158.3334022654153,hospital-power
547,793,1205.6386547549964,hospital-power
547,798,1321.3841069841744,hospital-power
547,806,1008.9355954537688,hospital-power
547,783,1650.2767453577876,hospital-power
547,647,983.2183603370227,hospital-power
547,879,1085.8905395517982,hospital-power
547,687,1048.8766558683044,hospital-power
547,724,346.05459549908085,hospital-power
547,725,441.16438079190453,hospital-power
547,726,638.7103314913962,hospital-power
547,727,649.4110741910306,hospital-power
547,643,439.6162345684093,hospital-power
547,682,220.68223528849032,hospital-power
547,569,144.22733404956836,hospital-power
547,741,265.2883157725927,hospital-power
547,875,342.5037514413237,hospital-power
547,671,212.74992668414123,hospital-power
547,790,467.2003846714728,hospital-power
547,674,643.8437434333908,hospital-power
547,619,581.4085891436779,hospital-power
547,791,415.6857780990289,hospital-power
547,784,988.6644672166105,hospital-power
547,800,363.7793789935587,hospital-power
547,770,936.30151611809,hospital-power
547,787,869.6792691802178,hospital-power
547,779,981.067185077756,hospital-power
547,667,707.1716386374467,hospital-power
547,765,992.6032932172376,hospital-power
547,782,1025.9073774754124,hospital-power
547,803,1023.6901683831263,hospital-power
547,767,1237.2509131726424,hospital-power
547,771,1469.8953751471195,hospital-power
547,815,1564.209162343691,hospital-power
547,638,1573.5843581916683,hospital-power
547,855,1270.844581225676,hospital-power
547,838,884.7537754283118,hospital-power
547,851,1147.224650021468,hospital-power
547,601,861.2153282837922,hospital-power
547,836,686.3410175934057,hospital-power
547,859,1139.8579382716061,hospital-power
547,857,1989.052783600154,hospital-power
548,841,967.9230083412216,hospital-power
548,563,943.6373800107697,hospital-power
548,588,1261.8931957326363,hospital-power
548,852,1279.788307148286,hospital-power
548,864,1391.371676378648,hospital-power
548,693,1463.3245218450625,hospital-power
548,716,1709.1928819373984,hospital-power
548,842,1703.8105131649484,hospital-power
548,843,1743.002791997255,hospital-power
548,647,447.04909125149015,hospital-power
548,879,388.66907620751437,hospital-power
548,687,457.7095168489113,hospital-power
548,724,706.4057984405775,hospital-power
548,725,624.4038994992013,hospital-power
548,726,584.5598631579774,hospital-power
548,727,554.1658858310287,hospital-power
548,643,600.4562823072501,hospital-power
548,682,934.8167009619096,hospital-power
548,569,903.4833656696461,hospital-power
548,741,1250.0717787542726,hospital-power
548,875,1358.729191536623,hospital-power
548,671,1153.4669653752826,hospital-power
548,790,1484.3861231771273,hospital-power
548,674,1664.8767451368024,hospital-power
548,619,1591.6731174116592,hospital-power
548,791,1437.8532312239768,hospital-power
548,800,1241.7409978164796,hospital-power
548,770,1949.057801562952,hospital-power
548,787,1881.4939351767227,hospital-power
548,779,1986.0106383916464,hospital-power
548,667,1729.1685738027422,hospital-power
548,765,1997.3833315506035,hospital-power
548,855,325.45401731026834,hospital-power
548,838,206.46152557100933,hospital-power
548,851,489.34730848830196,hospital-power
548,601,231.33242570856157,hospital-power
548,836,986.293206750477,hospital-power
548,859,1163.0058750880291,hospital-power
548,857,1744.3965484499422,hospital-power
548,575,1960.2886317485684,hospital-power
548,659,1990.8258645263102,hospital-power
549,678,1917.7776401624608,hospital-power
549,603,1944.2141955011848,hospital-power
549,572,1550.1903375796912,hospital-power
549,840,1043.1146146953865,hospital-power
549,872,1817.8108313885139,hospital-power
549,590,1782.7292880519312,hospital-power
549,579,1778.3028697018074,hospital-power
549,755,1870.946719470395,hospital-power
549,756,1438.547170775457,hospital-power
549,752,1309.8003828170592,hospital-power
549,760,1737.4180447758508,hospital-power
549,761,1901.809990647635,hospital-power
549,754,1817.7294857336628,hospital-power
549,776,1924.359066701662,hospital-power
549,769,1832.9314293861994,hospital-power
549,799,1796.5876253494046,hospital-power
549,812,1750.179885932254,hospital-power
549,785,1800.8920536053968,hospital-power
549,807,1930.7666406484798,hospital-power
549,764,1501.4029741624458,hospital-power
549,792,1706.639635276902,hospital-power
549,804,1521.5165911368972,hospital-power
549,876,1914.9655073200836,hospital-power
550,840,1832.43003415826,hospital-power
550,864,1028.0709357258097,hospital-power
550,755,1428.097135433923,hospital-power
550,847,1889.1353094120736,hospital-power
550,753,1697.7903976548223,hospital-power
550,756,1174.634936878748,hospital-power
550,752,1126.4846033394922,hospital-power
550,760,1353.5078443571422,hospital-power
550,761,1654.609194851387,hospital-power
550,754,1351.0410507213196,hospital-power
550,776,1111.113834133349,hospital-power
550,769,1153.9658645430413,hospital-power
550,799,1251.256931898815,hospital-power
550,812,1045.8911413255796,hospital-power
550,785,1060.634263963496,hospital-power
550,807,1069.18020970806,hospital-power
550,805,1476.722768713232,hospital-power
550,795,1514.6551136887372,hospital-power
550,764,407.69766134488896,hospital-power
550,792,592.1206796536629,hospital-power
550,804,456.323759733637,hospital-power
550,801,1231.3517679804343,hospital-power
550,693,1012.2559185554396,hospital-power
550,716,795.4967401971253,hospital-power
550,842,940.7903952502172,hospital-power
550,688,694.135010079174,hospital-power
550,843,1144.787743460772,hospital-power
550,876,711.9323821536851,hospital-power
550,778,847.0107773705275,hospital-power
550,808,898.3256217040391,hospital-power
550,813,1092.7514502341876,hospital-power
550,633,1030.716736046674,hospital-power
550,775,1028.4262993747832,hospital-power
550,789,1032.5931767211594,hospital-power
550,772,1254.748124056821,hospital-power
550,768,1372.7897162476509,hospital-power
550,793,1468.1142986747814,hospital-power
550,798,1966.105774037078,hospital-power
550,806,1545.5746765495508,hospital-power
550,725,1865.5431868330909,hospital-power
550,726,1809.7144205710147,hospital-power
550,727,1840.0214899186158,hospital-power
550,643,1916.0643341823275,hospital-power
550,682,1654.3127174155584,hospital-power
550,569,1897.798234608246,hospital-power
550,741,1554.6216114781787,hospital-power
550,875,1593.7984548691102,hospital-power
550,671,1897.1910135015878,hospital-power
550,790,1558.1843511793438,hospital-power
550,674,1670.315625919946,hospital-power
550,619,1480.0904812187978,hospital-power
550,791,1659.0569386687662,hospital-power
550,784,1722.7842775311433,hospital-power
550,770,1809.686410190128,hospital-power
550,787,1802.6274759757212,hospital-power
550,779,1884.0757108796831,hospital-power
550,667,1590.8807279760729,hospital-power
550,765,1888.7646319828586,hospital-power
550,782,1918.1285699508026,hospital-power
550,803,1930.7349528348523,hospital-power
551,868,1366.3559855886422,hospital-power
551,867,1228.3795498181155,hospital-power
551,577,1135.828583830353,hospital-power
551,580,1338.7472373455207,hospital-power
551,856,1530.8487998062149,hospital-power
551,869,1376.7713893665764,hospital-power
551,608,1143.0942428647245,hospital-power
551,860,1483.5979794595955,hospital-power
551,720,1950.0674181701017,hospital-power
551,681,1922.6649280922777,hospital-power
551,830,1942.0062744333,hospital-power
551,846,1948.1026431447042,hospital-power
551,597,1942.8740688797056,hospital-power
551,878,1812.9697252669353,hospital-power
551,829,1704.8066934433716,hospital-power
551,669,1763.376177131647,hospital-power
551,831,1687.9578291146947,hospital-power
551,737,1722.1134503846504,hospital-power
551,623,1067.807336540101,hospital-power
551,713,1011.0600839703102,hospital-power
551,743,1600.1492356718627,hospital-power
551,571,1099.7859132012186,hospital-power
551,707,1024.4918485700857,hospital-power
551,621,1101.4038158303547,hospital-power
551,672,1400.5414735276652,hospital-power
551,657,1386.3856197448195,hospital-power
551,835,1396.7419107513513,hospital-power
551,684,1663.840247678608,hospital-power
551,591,645.3497569151291,hospital-power
551,699,887.0818075039192,hospital-power
551,653,760.3583431455767,hospital-power
551,748,478.06552400989335,hospital-power
551,581,1158.2672853357915,hospital-power
551,696,982.8457926843092,hospital-power
551,582,1186.7248942166411,hospital-power
551,592,454.19611956567087,hospital-power
551,587,335.51529924637396,hospital-power
551,648,512.2678523783571,hospital-power
551,593,587.272618969978,hospital-power
551,644,243.40202052060454,hospital-power
551,735,133.78526919150488,hospital-power
551,616,1235.771157669359,hospital-power
551,711,777.1123128087519,hospital-power
551,680,652.1608495414183,hospital-power
551,704,1247.5747969721558,hospital-power
551,689,744.2508002622603,hospital-power
551,636,897.9390850548687,hospital-power
551,600,521.5539004246776,hospital-power
551,610,1256.5737356622803,hospital-power
551,710,1630.5600118836753,hospital-power
551,670,1376.184596538445,hospital-power
551,673,1461.000531666787,hospital-power
551,865,463.9098738849145,hospital-power
551,870,847.5258616900352,hospital-power
551,866,467.9844468831314,hospital-power
551,583,887.4640044703647,hospital-power
551,656,847.8633813493257,hospital-power
551,609,1698.7802528894963,hospital-power
551,698,641.2841916583341,hospital-power
551,630,1394.6239882500458,hospital-power
551,686,889.0091684655988,hospital-power
551,742,1480.3762088422382,hospital-power
551,692,1578.654482651271,hospital-power
551,695,1385.986723537955,hospital-power
551,607,1525.5613485559381,hospital-power
551,734,1727.0770931656411,hospital-power
551,702,1699.538287812127,hospital-power
551,625,1496.5572514358366,hospital-power
551,736,1757.543052093653,hospital-power
551,746,1531.2446756178854,hospital-power
551,834,1951.3411147473023,hospital-power
552,751,1825.3791777605695,hospital-power
552,570,1754.6480188783676,hospital-power
552,594,1769.1433128608405,hospital-power
552,576,1661.0173777224165,hospital-power
552,694,1076.6751805802985,hospital-power
552,649,610.0705151864472,hospital-power
552,585,590.9745851894861,hospital-power
552,712,444.229865449357,hospital-power
552,639,432.0559799742571,hospital-power
552,874,415.04954193459565,hospital-power
552,584,388.33420781214403,hospital-power
552,833,179.759838738056,hospital-power
552,678,473.5159247595182,hospital-power
552,603,441.7457381219136,hospital-power
552,572,866.6490142963269,hospital-power
552,840,1489.621035911547,hospital-power
552,645,505.48158878009184,hospital-power
552,620,182.9573412068135,hospital-power
552,872,1099.2071390578762,hospital-power
552,701,473.1394110034664,hospital-power
552,614,659.6053356900322,hospital-power
552,873,682.398342210188,hospital-power
552,590,1140.868773400294,hospital-power
552,579,1225.0649706464703,hospital-power
553,608,1943.0511495759854,hospital-power
553,766,1987.5096825130847,hospital-power
553,699,1787.4798206890512,hospital-power
553,653,1905.2736845495558,hospital-power
553,748,1953.0646296324276,hospital-power
553,644,1769.7198716795851,hospital-power
553,616,1010.4175133135509,hospital-power
553,711,1287.6072174728495,hospital-power
553,680,1402.7946132905543,hospital-power
553,704,771.6247564520564,hospital-power
553,689,1280.409765632008,hospital-power
553,636,1137.841808942002,hospital-power
553,600,1495.1911980839288,hospital-power
553,656,1642.5705474147587,hospital-power
553,698,1818.363598716388,hospital-power
553,630,921.5851330329876,hospital-power
553,686,1207.6549867162614,hospital-power
553,742,858.8816288578623,hospital-power
553,692,1473.743727064506,hospital-power
553,695,1786.7154387677544,hospital-power
553,607,1656.5101972358289,hospital-power
553,723,209.0384854691189,hospital-power
553,566,240.1378530168815,hospital-power
553,862,287.3889051494622,hospital-power
553,861,262.0374194968903,hospital-power
553,863,317.706885141416,hospital-power
553,599,270.2604793766727,hospital-power
553,625,560.7487303518938,hospital-power
553,736,365.8412130898325,hospital-power
553,746,547.0130382010944,hospital-power
553,634,1437.9504045103968,hospital-power
553,858,1452.587769499105,hospital-power
553,642,1209.5972185919668,hospital-power
553,604,1375.8037187252646,hospital-power
553,595,449.40306209317555,hospital-power
553,740,775.6320085348061,hospital-power
553,629,836.2775328607178,hospital-power
553,640,933.5227339401715,hospital-power
553,586,945.540675093641,hospital-power
553,655,1425.8488292568532,hospital-power
553,745,462.0455670664481,hospital-power
553,611,1222.2720497467624,hospital-power
553,834,1418.425414773068,hospital-power
553,728,1665.7886116127675,hospital-power
553,646,1671.6708510955523,hospital-power
553,650,1834.9436267461863,hospital-power
553,729,1330.6349634810242,hospital-power
553,730,1287.9175071402772,hospital-power
553,598,1660.419633216673,hospital-power
553,714,1134.982922794532,hospital-power
553,731,1519.3772214902142,hospital-power
553,850,1961.5553511780176,hospital-power
553,661,1615.1042689380272,hospital-power
553,796,1555.5111740680704,hospital-power
553,709,1517.4596160973138,hospital-power
553,559,1449.7584153056082,hospital-power
553,662,1529.2644877626242,hospital-power
553,774,1777.495156027102,hospital-power
553,794,1683.0321244591773,hospital-power
553,773,1806.984276625216,hospital-power
553,679,1897.6383171320745,hospital-power
553,676,1899.2029906409566,hospital-power
553,788,1717.6605905172235,hospital-power
553,652,1712.4503029046803,hospital-power
553,853,1518.767400478954,hospital-power
553,747,1616.949869036673,hospital-power
553,578,1613.0547383980493,hospital-power
553,854,1686.3916111522494,hospital-power
553,802,1976.134658120239,hospital-power
553,848,1650.8564065587175,hospital-power
554,868,1865.204129694081,hospital-power
554,867,1832.1244025123938,hospital-power
554,577,1834.589711116236,hospital-power
554,580,1790.0190253337362,hospital-power
554,683,1815.79641276856,hospital-power
554,856,1637.8692401107025,hospital-power
554,841,1438.5982564638575,hospital-power
554,563,1361.3453452467081,hospital-power
554,869,1483.077315392526,hospital-power
554,839,976.0241086897471,hospital-power
554,608,1365.0759516579174,hospital-power
554,588,535.3666618972383,hospital-power
554,852,532.4832129080386,hospital-power
554,860,1637.2627703878286,hospital-power
554,647,1934.800967190933,hospital-power
554,879,1802.450180310431,hospital-power
554,687,1888.9000609556585,hospital-power
554,855,1431.4031323586587,hospital-power
554,838,1812.8450494108345,hospital-power
554,851,1651.9497930602813,hospital-power
554,601,1837.4168346681186,hospital-power
554,699,1469.340539799565,hospital-power
554,653,1642.5716799478064,hospital-power
554,748,1888.8735784982534,hospital-power
554,696,1941.9140176400024,hospital-power
554,616,1159.6193323054454,hospital-power
554,711,1597.6679705471424,hospital-power
554,680,1695.5261621306984,hospital-power
554,704,1656.0846045998198,hospital-power
554,689,1879.7852384642026,hospital-power
554,636,1850.316432731772,hospital-power
554,600,1865.9253934052365,hospital-power
554,686,1993.7621027377202,hospital-power
554,723,1391.480139045007,hospital-power
554,566,1330.3289696526706,hospital-power
554,862,1828.3891112717015,hospital-power
554,861,1811.013588061919,hospital-power
554,863,1861.8970231566661,hospital-power
554,599,1820.2785772530922,hospital-power
554,625,1716.6965102360352,hospital-power
554,736,1761.2410338510285,hospital-power
554,746,1750.375648407948,hospital-power
554,642,1888.6420367041974,hospital-power
554,595,1499.705639191846,hospital-power
554,740,1935.5926107975527,hospital-power
555,877,1793.942459304022,hospital-power
555,627,1732.4303412485601,hospital-power
555,675,1568.346461306314,hospital-power
555,762,1133.0726424292945,hospital-power
555,759,1451.1628423591633,hospital-power
555,632,1908.9573905124316,hospital-power
555,749,1279.325527262698,hospital-power
555,758,1318.6961413384263,hospital-power
555,617,1057.0843197982572,hospital-power
555,871,800.2971994004304,hospital-power
555,606,730.6614052094548,hospital-power
555,763,1110.3944842011897,hospital-power
555,564,1680.1491350752178,hospital-power
555,560,1795.5225826159701,hospital-power
555,844,1847.2800803195814,hospital-power
555,565,1851.3163373436141,hospital-power
555,827,1924.2744774703351,hospital-power
555,605,1432.015600936795,hospital-power
555,631,1084.1746477552585,hospital-power
555,868,1613.5330490734602,hospital-power
555,867,1751.1192527547976,hospital-power
555,577,1835.3373865655387,hospital-power
555,580,1675.7060866098018,hospital-power
555,683,1257.9541098281331,hospital-power
555,856,1624.7482758795716,hospital-power
555,869,1859.5857852047538,hospital-power
555,860,1658.748009706257,hospital-power
555,830,1931.5859532329168,hospital-power
555,597,1927.773928239265,hospital-power
555,829,1569.7786349416353,hospital-power
555,581,1736.7575331996723,hospital-power
555,696,1940.308630237217,hospital-power
555,582,1704.0694134919956,hospital-power
556,864,1318.0754425222262,hospital-power
556,755,963.5455872328647,hospital-power
556,847,1462.9782588073226,hospital-power
556,753,1244.0494585393776,hospital-power
556,756,814.4305636568313,hospital-power
556,752,816.7005441350675,hospital-power
556,760,913.6919083187724,hospital-power
556,761,1218.5822347413086,hospital-power
556,754,888.2888259856663,hospital-power
556,776,601.1949256492527,hospital-power
556,769,660.2169078183734,hospital-power
556,799,779.0997633189827,hospital-power
556,812,556.7836917743327,hospital-power
556,785,562.2476049500057,hospital-power
556,807,558.1034725760785,hospital-power
556,805,984.6018982056755,hospital-power
556,795,1027.7505760811844,hospital-power
556,764,107.95564740575367,hospital-power
556,792,128.44122436885348,hospital-power
556,804,64.61837960514951,hospital-power
556,801,744.0974429148242,hospital-power
556,693,1252.4409027899756,hospital-power
556,716,1005.5702037964807,hospital-power
556,842,1066.1101963992526,hospital-power
556,688,718.9126560931016,hospital-power
556,843,1178.279420379183,hospital-power
556,876,341.068485779605,hospital-power
556,778,507.0850709466126,hospital-power
556,808,541.9858340442191,hospital-power
556,813,884.9332855426674,hospital-power
556,633,702.1527563080126,hospital-power
556,775,695.9354014124763,hospital-power
556,789,700.2196095939632,hospital-power
556,772,903.818168506176,hospital-power
556,768,1208.1055129162498,hospital-power
556,793,1282.9579041280647,hospital-power
556,798,1770.8818708274819,hospital-power
556,806,1425.1366741014917,hospital-power
556,682,1873.2226129817886,hospital-power
556,741,1689.4661164689576,hospital-power
556,875,1686.6796406658896,hospital-power
556,790,1615.5064757265814,hospital-power
556,674,1661.2552167952988,hospital-power
556,619,1511.5648246778198,hospital-power
556,791,1719.5257989855738,hospital-power
556,784,1608.6633328884627,hospital-power
556,770,1714.3810107101863,hospital-power
556,787,1726.671875895895,hospital-power
556,779,1779.9894944701525,hospital-power
556,667,1566.4745878411006,hospital-power
556,765,1781.6525991993083,hospital-power
556,782,1803.579232436223,hospital-power
556,803,1817.8588543824756,hospital-power
556,767,1866.9811077860822,hospital-power
557,699,1863.063904778799,hospital-power
557,653,1898.743900720847,hospital-power
557,748,1797.4069224260268,hospital-power
557,587,1841.7545796246818,hospital-power
557,644,1394.7504282622774,hospital-power
557,735,1700.6953074564603,hospital-power
557,616,1308.6261651361697,hospital-power
557,711,1206.6474565076142,hospital-power
557,680,1253.8311675887758,hospital-power
557,704,720.7672779533912,hospital-power
557,689,953.4549877308226,hospital-power
557,636,819.8175208455795,hospital-power
557,600,1226.0226991632217,hospital-power
557,673,1895.9421309155987,hospital-power
557,865,1962.714715989798,hospital-power
557,870,1645.8553742802842,hospital-power
557,866,1942.469530401793,hospital-power
557,583,1224.9453837425253,hospital-power
557,656,901.9217054971484,hospital-power
557,609,1372.9615985266219,hospital-power
557,698,1142.2772882576805,hospital-power
557,630,260.9253053393022,hospital-power
557,686,752.7512145582149,hospital-power
557,742,219.7491864859781,hospital-power
557,692,486.64723516656,hospital-power
557,695,832.570367598168,hospital-power
557,607,675.9734565939137,hospital-power
557,734,1204.6730321222976,hospital-power
557,702,1189.6747268663394,hospital-power
557,723,1193.2463838348845,hospital-power
557,566,1204.9806987438906,hospital-power
557,862,909.6439598161929,hospital-power
557,861,872.2619726414061,hospital-power
557,863,887.0425810078873,hospital-power
557,599,857.2759919887847,hospital-power
557,625,598.1001429238394,hospital-power
557,736,631.6059157542046,hospital-power
557,746,566.0914433363022,hospital-power
557,595,1407.302417033112,hospital-power
557,740,1544.9342637651732,hospital-power
557,629,1522.8539024827112,hospital-power
557,640,1417.8058604667917,hospital-power
557,586,1591.4639947956941,hospital-power
557,655,1770.6297476740936,hospital-power
557,745,896.0618292901435,hospital-power
557,611,512.5648026614832,hospital-power
557,834,522.0726764517838,hospital-power
557,728,847.7586862588042,hospital-power
557,706,1151.4795176321209,hospital-power
557,646,848.8892828992668,hospital-power
557,650,1132.2235929712206,hospital-power
557,729,835.6941223473076,hospital-power
557,730,745.5157314292643,hospital-power
557,598,1029.3879507378858,hospital-power
557,714,1209.2623946840615,hospital-power
557,731,1053.7663896131342,hospital-power
557,849,1898.2600386274341,hospital-power
557,850,1889.9619370157566,hospital-power
557,661,1865.7723367054741,hospital-power
557,853,1946.8665587323003,hospital-power
557,747,1913.9814583730304,hospital-power
557,578,1921.8891782161895,hospital-power
557,854,1979.6694743261671,hospital-power
557,848,1900.461515542348,hospital-power
